cycle,voltage,current,temperature,discharge_time,capacity,rated_capacity
1,3.746308877376582,-1.3600644563413997,27.33508322849991,3464.9643450051235,2.0,2.0
2,3.795470832023507,-1.407536631708723,23.346442851014398,3571.0962658568965,1.9958053569882883,2.0
3,3.630071621309043,-1.4940369630079826,22.54540334973308,3441.5160158000076,2.0,2.0
4,3.728148461834529,-1.5646936777705573,24.989876627767146,3538.407694072192,2.0,2.0
5,3.667467871543909,-1.430177668638641,24.489446132425215,3221.277066609243,1.9905834662527666,2.0
6,3.6756437308117653,-1.460651461457825,23.640315852018176,3642.6587414745877,1.9891506304305082,2.0
7,3.6703803037880567,-1.4104806779972268,27.089162342370145,3600.2410950724448,2.0,2.0
8,3.6568004615160095,-1.4364828198318031,27.865915625711533,3436.582273786362,1.996282347291529,2.0
9,3.7024260813972414,-1.3950447284680665,25.265220658875542,3731.849133686481,1.9824622561406506,2.0
10,3.658452494179448,-1.5535235211560567,29.432590243165784,3787.5140275253116,1.9911256004358597,2.0
11,3.713522841288992,-1.3682605934365675,21.574932657599483,3278.488027126205,1.9796028230718754,2.0
12,3.6974880945275435,-1.48024003953076,24.419021622160844,3447.455044286757,1.9781107024642974,2.0
13,3.6880525976566796,-1.2924739127374734,22.849533038191584,3446.1715300425403,1.9837126227156603,2.0
14,3.65462181689792,-1.5689187818089567,19.400390148780822,3412.019379778227,1.960679197553422,2.0
15,3.6711614334715836,-1.326403619683475,24.7519579424719,3765.89496838635,1.9610758216748698,2.0
16,3.737769561291288,-1.4802089216537353,24.63475747485015,3561.234772245439,1.9712091247075902,2.0
17,3.7250458593812192,-1.5651418003614448,29.540349229726395,3547.097031737878,1.9652046887966557,2.0
18,3.6511222377600725,-1.548388583405432,26.892435053664332,3199.227527118649,1.9769704733259528,2.0
19,3.7049666152714615,-1.532034730819432,21.927439527012385,3727.083606041845,1.963236759244788,2.0
20,3.7375693561685894,-1.4575834053598085,30.562277699002564,3352.1483210293054,1.956676962986647,2.0
21,3.6165297359439315,-1.44771645119645,28.66310108657606,3611.9865260532656,1.9839334876892154,2.0
22,3.727168009618997,-1.557370000393858,26.746293110405848,3655.4753875916385,1.9654902369951346,2.0
23,3.6668688120527078,-1.5024354592260982,24.320547703450504,3872.1317191677304,1.9668882820468792,2.0
24,3.728529933429658,-1.2857729641388136,22.12168228982956,3338.2359201761774,1.9504245181378654,2.0
25,3.6618370421728743,-1.3272456829899288,23.88337967178684,2996.097568835835,1.9576811727547483,2.0
26,3.6097558949667743,-1.4563676330325968,28.26624585911256,3636.769908950739,1.9626812258970987,2.0
27,3.618622878105842,-1.49619965218318,30.653758917803827,3960.1022363021707,1.948503064225777,2.0
28,3.702404247333069,-1.4879968673281738,29.629730584816567,3847.7892705878876,1.962204980183457,2.0
29,3.7129861250860743,-1.4386482027269583,23.533451734641176,3641.931883054925,1.950870613100812,2.0
30,3.6547841687447797,-1.6022792565198405,21.641147700132965,3501.6727628735907,1.9523830625020673,2.0
31,3.731929622938869,-1.5257376537423346,25.422658740733613,3761.424519327462,1.947699933877706,2.0
32,3.6169239968865523,-1.666858407387759,19.694681903311444,3405.290760059106,1.9706507818450896,2.0
33,3.6966960100676345,-1.460077687739472,25.969503142554345,3695.2715538712437,1.9503980277526207,2.0
34,3.6394491900118773,-1.435280406029726,24.557192241103994,3701.0940318333255,1.9383548907104409,2.0
35,3.667408194609892,-1.5483186462299374,23.601890494395274,3812.041981499776,1.9555504491210318,2.0
36,3.7023699335658207,-1.3426013236709968,20.215890798199613,4151.932007782216,1.93350356350029,2.0
37,3.6569793317358026,-1.622576566300234,26.54080031970915,3678.4831934357535,1.9461816359500475,2.0
38,3.6807722227885087,-1.646437488020982,23.401897481014267,3498.2072748585,1.9228712987612022,2.0
39,3.750314640460722,-1.4775548181440028,21.490249492869136,3594.885137561601,1.9275551395110155,2.0
40,3.6711554065238428,-1.3952901697387845,16.383213360155054,3246.1848190221763,1.9411686123586913,2.0
41,3.7417846056032573,-1.331607230854213,24.917455284848092,3461.0573737821883,1.9449416657999543,2.0
42,3.643514657267119,-1.545888426286894,30.316754790009234,3518.143512377379,1.9376216828118997,2.0
43,3.7264902088957643,-1.3921319166568704,29.98377764364361,3495.1823204130815,1.9330965171761176,2.0
44,3.772078431032895,-1.5038508469500707,23.628711230241183,3630.4709744067445,1.929580963044107,2.0
45,3.5764177749936357,-1.517262729994082,23.19336381891466,3435.51601352356,1.9161397800963258,2.0
46,3.6601552372264763,-1.4116340062513328,26.40632276822507,3824.2061334648943,1.922053557916053,2.0
47,3.728853606359027,-1.434767712158658,22.004843682435126,3600.0414129836395,1.922966612290402,2.0
48,3.6898477306978505,-1.657639215698425,25.905375699458396,3598.139935772277,1.9364592222621893,2.0
49,3.7185572936685656,-1.3523459650274103,27.298240835154072,3534.4210566974166,1.9276331828956845,2.0
50,3.669800740664209,-1.3619908645852548,28.680799671652924,3631.038136771796,1.9048695984463726,2.0
51,3.704329489373645,-1.562556270150953,24.69953777056014,3765.019652933527,1.924037839693948,2.0
52,3.692216138230396,-1.4604196466562591,24.388978749469103,3426.57395685782,1.915237177195837,2.0
53,3.7583891030829903,-1.450596981371726,22.366052239730315,3468.3767021849485,1.9106037799969404,2.0
54,3.712721042165061,-1.4739326234176093,22.51935893788042,3539.254794244667,1.9217687628884086,2.0
55,3.71688013310376,-1.555030515384542,24.32056332429542,3330.825815305357,1.9242349952249596,2.0
56,3.6794061516938767,-1.5671623367938052,26.102096520448534,3436.1484280557006,1.921504801191162,2.0
57,3.6756196887963757,-1.5025554070991445,27.74075387869975,3504.755825291068,1.9020608247677735,2.0
58,3.678372090609019,-1.3827270980740636,22.590463147958964,3774.8778361425457,1.9056158762414879,2.0
59,3.719722607118915,-1.4456399845405568,29.478065706878567,3652.512265800385,1.9102696343140357,2.0
60,3.6789507759589872,-1.5370614332086106,24.186629196872293,3638.717982273509,1.9149554512712237,2.0
61,3.714488742844821,-1.4228301289351655,24.935898116954693,3770.1795924335943,1.8986452576215471,2.0
62,3.8037700399322723,-1.7848542620630075,22.75836496255653,3572.525642320121,1.8998114102333616,2.0
63,3.7435562351715848,-1.3851234299627897,17.727279219181177,3678.092969985778,1.8888296502599398,2.0
64,3.683698823391608,-1.67397137787781,27.652136189083148,3579.355649413501,1.8861499337591934,2.0
65,3.7600606961081975,-1.5362440941403133,27.2105316912773,3653.072469879926,1.904450258223942,2.0
66,3.6795962313489228,-1.6119669894626143,24.15601732864536,3483.4482684776835,1.908094400285708,2.0
67,3.5980937732411076,-1.6294681475720907,25.200972151674616,3112.236568344714,1.8920128987841969,2.0
68,3.64959568445413,-1.383917321262148,26.547817653112297,3573.1441675627393,1.9009633289789203,2.0
69,3.6064604039487076,-1.5467701201311892,20.31236242934037,3884.549627219988,1.8927333602504763,2.0
70,3.6824243257979346,-1.4653496118269285,23.412841967961114,3785.2430804483183,1.8808488024539487,2.0
71,3.700920918959478,-1.5046920578879184,27.38279403886548,3793.0794969182343,1.8890909560550841,2.0
72,3.7838218656137643,-1.452295917277688,21.23713173049225,3847.2261443612438,1.8990283656646596,2.0
73,3.716346368688208,-1.4923178108939745,25.880673796499888,3617.7315181922877,1.8814547396089005,2.0
74,3.689044973559557,-1.628299222418857,20.930254586129784,3639.4631414811192,1.89561843655814,2.0
75,3.7414702790591745,-1.400373318055286,26.39928994730058,3476.46962091313,1.8519275489591025,2.0
76,3.589443234549606,-1.5493756583161313,24.89307555310755,3536.78542879459,1.884491025043752,2.0
77,3.7117807279054285,-1.6556581898659752,20.154604552283473,3723.1542299542284,1.8752834706823818,2.0
78,3.7385432596943486,-1.5428115160965912,28.494218063371513,3840.7768874337635,1.8695579264953415,2.0
79,3.626070687711008,-1.3499240209365688,22.796225269605852,3572.1107448638,1.871594607765355,2.0
80,3.757187702160347,-1.4149778257886507,22.569242688956855,3509.9621470297175,1.8489243108539908,2.0
81,3.7169248203747207,-1.5348652134407859,25.60170759169283,3600.1055917713193,1.864720281121625,2.0
82,3.67923560430496,-1.5349257704318429,28.445912048286147,3720.241349785823,1.8685991257151173,2.0
83,3.7316390933053145,-1.5321635051217382,21.952534543064807,3311.2290367732917,1.8779119404474152,2.0
84,3.81353464289022,-1.292325201643916,25.185039549543916,3140.7638093725523,1.8560492978172636,2.0
85,3.709093312752925,-1.4618064547768446,26.28644950099172,3489.892630101683,1.8512400639710682,2.0
86,3.712411029315017,-1.456995835280893,27.079316821789433,3355.857514817168,1.8523944295641546,2.0
87,3.677031955022988,-1.3969716545968158,25.529324665831677,3498.371960470538,1.8646470211770207,2.0
88,3.6575077815267605,-1.4761210840973487,23.89891648275003,3570.4439362365056,1.856855511096597,2.0
89,3.7415167908272124,-1.5259042145820703,22.51722933805384,3509.3503181953974,1.8463393979623295,2.0
90,3.657195808704557,-1.5196349849084978,25.258431649139123,3890.493506894149,1.8548326743311336,2.0
91,3.7035783118609698,-1.5071601259414065,21.78358296404318,3665.348952920464,1.8487277754934806,2.0
92,3.6761171276617444,-1.5037222236509842,16.235948549516177,3660.0948719221656,1.8554944499053287,2.0
93,3.72394899128732,-1.427237045636302,26.309679412473002,3724.4414288086805,1.8368324690612265,2.0
94,3.7166831052643476,-1.4948054114192701,27.711804523258586,3372.2333764438463,1.8386153785340225,2.0
95,3.751876997212895,-1.4267359922784422,17.911202693374484,3807.8223574840536,1.8360039184686785,2.0
96,3.674499180057263,-1.5080716580108582,21.970807885870187,3584.847142692908,1.8233168505186788,2.0
97,3.6865062532353314,-1.492136480968391,26.857462783015592,3734.0961234482425,1.838934202770646,2.0
98,3.651061814210885,-1.6998200684532108,31.172486409135097,3385.628553391969,1.836598552721799,2.0
99,3.6777853369961946,-1.4083672325297518,25.062381123026224,3289.248246796787,1.8320481345664246,2.0
100,3.718865024652243,-1.4653511524102008,22.815991176312597,3763.5779316050057,1.8276541286662487,2.0
101,3.737849430832268,-1.4001989890140347,24.45131067668548,3675.281905219503,1.813843292579496,2.0
102,3.6538917337911188,-1.789625537819369,29.124629257444553,3419.589689128498,1.8217815467723464,2.0
103,3.7434802960052833,-1.2911625295219271,23.062107462626393,3426.0673837450613,1.8205458548347322,2.0
104,3.767781892940248,-1.5139589628155175,22.602423980049238,3825.086956882954,1.8139292273077838,2.0
105,3.720671745161185,-1.3891817183262483,23.551769433453902,3362.1176214265342,1.81831214288334,2.0
106,3.7938397906279033,-1.603990592712553,22.14001417522386,3928.5345906511925,1.8219325085681453,2.0
107,3.6613105400448216,-1.438722609493743,25.368010947984388,3419.8758530704263,1.8347148590121054,2.0
108,3.6377672648344292,-1.6053415563173656,29.87403537540868,3727.6783851216765,1.8155537781283184,2.0
109,3.611063987554786,-1.5623768960695805,25.969237819348088,3534.276304850203,1.8143325039072276,2.0
110,3.7748022155744594,-1.3085968646133215,24.242939493621137,3720.6374862164685,1.8089555408423383,2.0
111,3.7327182828177032,-1.5190682400763347,24.12456619325337,3491.1771995771614,1.7884492878470095,2.0
112,3.6972207664544774,-1.4782567126820276,20.31042757391003,3567.4414187855414,1.805302861245508,2.0
113,3.713998431315991,-1.4129932269311245,27.64932933144148,3608.183835079144,1.8040953020994104,2.0
114,3.643725547635081,-1.4504318112027395,24.766488408961592,3399.5625088437055,1.8260444211248528,2.0
115,3.8222875989808416,-1.4849581094856423,24.458560259228122,3748.164869084025,1.7974013903521888,2.0
116,3.7064610590987614,-1.4635038997533774,34.57932270353459,3497.357286705683,1.8002474734233362,2.0
117,3.705469739730245,-1.2596584414761725,25.89625872509706,3554.280016931996,1.7947858823029477,2.0
118,3.7362883311949346,-1.5057618797033585,22.744626849714447,3401.1301250782976,1.7813412196238048,2.0
119,3.724050461586836,-1.4798900953285032,23.72092721138337,3087.533268240938,1.80234522814515,2.0
120,3.711194201213957,-1.3949345603992387,28.445337127590264,3561.794447479966,1.7963193303268679,2.0
121,3.6604762772277346,-1.3894474067042015,25.339811231613293,4082.523084322583,1.7945873194704305,2.0
122,3.7235734178568,-1.381296969443962,20.685166065047902,3756.9208575796047,1.7754541254520526,2.0
123,3.794101224823752,-1.4361269777970815,27.757686803725612,3596.147924053121,1.796440943109361,2.0
124,3.767271002307749,-1.6143004912730483,22.995567743383017,3547.4218341583464,1.7662534893720774,2.0
125,3.77965933133197,-1.3366568467698903,30.619893328652637,3604.4931785624094,1.7839935709380026,2.0
126,3.674439216178441,-1.6146345393018688,28.240144197143945,3709.423823035042,1.7978765562580996,2.0
127,3.650519758987071,-1.4697364534760966,23.658034313023748,3363.837436938231,1.7639076367486932,2.0
128,3.693710653995018,-1.5754275850019357,28.843049085205337,3822.8643389337744,1.7659850227039722,2.0
129,3.7027862456144347,-1.5064138346592992,25.20356653158221,3743.0762630882487,1.7704735136508765,2.0
130,3.7547095759235476,-1.467123758969652,27.55832102536666,3743.637145141587,1.7622652434588382,2.0
131,3.6153767685142593,-1.4678642784549727,26.454198451883425,3687.6951477619455,1.7496103656893387,2.0
132,3.776477515973031,-1.4578079245764715,22.46093003502738,3603.923331538798,1.76361362974806,2.0
133,3.692099605071051,-1.3386288730941354,23.069350503047612,3734.572247193364,1.750109962862739,2.0
134,3.678655946502629,-1.454646569848602,28.089882452743485,3718.3628267482754,1.7632679243063518,2.0
135,3.649394781236992,-1.5244156635290649,23.995674003680378,3529.191857811795,1.7471307576576618,2.0
136,3.617257166406712,-1.4035912831711643,23.78905461027401,3485.27964542062,1.7696113440501755,2.0
137,3.741158529198096,-1.381052951107536,22.134632261951943,3620.3712590523974,1.7440604670766375,2.0
138,3.70366589835942,-1.6227607815136993,26.270797196780382,3909.8040302990375,1.7464473848379432,2.0
139,3.6355019550129475,-1.4402599930150142,31.187574757729436,3352.17858486922,1.7555721721736968,2.0
140,3.635246061396819,-1.4298827257689102,21.797401257237183,3306.494946849512,1.7328913568356605,2.0
141,3.683210765035494,-1.5297563503359992,25.072658370018274,3632.9521682473032,1.7452315993460414,2.0
142,3.7834510762644697,-1.362429318668838,29.236661666246288,3610.1775403712036,1.7537794275428242,2.0
143,3.68702043243182,-1.5150055587032527,24.761075826262854,3634.6683328740814,1.7223781676543877,2.0
144,3.624842852344095,-1.4874423546528457,26.3571153887492,3648.7906395817,1.738038338585323,2.0
145,3.6877128467957028,-1.517307182428387,21.81281941555936,3555.359549073039,1.7365238279424842,2.0
146,3.6863638215126167,-1.4984420952418533,26.284921291622947,3897.9726877204166,1.739470228717773,2.0
147,3.5651556678529217,-1.6096275086895202,24.438567204986352,3279.819204304697,1.7170034928912192,2.0
148,3.6972852566741095,-1.6440050882594295,27.957189987039587,3434.300595043951,1.713883433869157,2.0
149,3.688453273489566,-1.3405494936775026,28.562158154694252,3579.3490479701904,1.7300164156561688,2.0
150,3.734810318240671,-1.5846961348318327,32.76869092605584,3271.3622377691663,1.725469846732332,2.0
151,3.7924478047472676,-1.5991392349456308,26.738899519640725,3564.829119113586,1.7227019285034588,2.0
152,3.756328251477388,-1.7153390113603715,25.977388949746498,3932.294033145604,1.7213524820949697,2.0
153,3.6865555654722586,-1.5638961747689502,25.583152904732007,3604.1772976591924,1.7087727527842151,2.0
154,3.6446737045629165,-1.63230897934075,23.940501121567934,3646.1401811437368,1.71557453697161,2.0
155,3.828667990162493,-1.335798483986363,26.01545153038507,3347.967046965484,1.7138557247329869,2.0
156,3.7029609217007247,-1.3990182910657365,24.11379576958291,3476.7277183921046,1.7014484858197365,2.0
157,3.7006964645956475,-1.5688150345177725,25.505382928808842,3524.9607239352126,1.7249107451114476,2.0
158,3.6987937456445,-1.2747564194655692,28.952792606823877,3536.4569806487534,1.7086463292091179,2.0
159,3.709904238038393,-1.4018234513008405,21.980372304161076,3856.328759000754,1.6896439650279735,2.0
160,3.692781979403803,-1.5324831383508621,28.419635683387135,3711.5382121450248,1.7057655360863384,2.0
161,3.6713168996559884,-1.7499405714873573,28.951345202019596,3377.7084086125938,1.6870901832977268,2.0
162,3.6726570529379807,-1.2709057427409258,24.645794419026764,3649.300955686401,1.7023388460374247,2.0
163,3.6983623364892004,-1.6389572466763596,18.634435302974218,3699.644349699357,1.703678955790074,2.0
164,3.672828761443312,-1.6645398746956892,23.176534038716703,3828.0298077042535,1.6815051768164828,2.0
165,3.664357710866142,-1.397742956799036,28.890983639683327,3916.108137313675,1.6969587612924433,2.0
166,3.705321511384595,-1.2560247593660727,24.931395813103354,3396.9811616344264,1.6890598092693652,2.0
167,3.6872511391289575,-1.361572718148948,22.002093303115267,3437.8284977579324,1.690753601599945,2.0
168,3.7751996494291347,-1.443609087994764,23.48567523631535,3348.4844282170766,1.6990959298265393,2.0
169,3.5674515095803496,-1.4405245658334713,27.521860079513658,3553.1960281786037,1.6752631188399714,2.0
170,3.7545753425961235,-1.4146584441219692,26.640200704604137,3693.2716748892667,1.667762638356425,2.0
171,3.7623042596248815,-1.4241071410213235,24.283203702490916,3797.46690331782,1.6639818557037447,2.0
172,3.596330488379593,-1.4718808576030624,23.899526764555937,3584.8097952714957,1.6622898971503457,2.0
173,3.6828656202959826,-1.4895798896048125,23.824725552868536,3536.0304953490313,1.667241982905859,2.0
174,3.6814279567002104,-1.5062593127899522,22.23276944650449,3630.351598449748,1.6689835197481664,2.0
175,3.629624415264109,-1.5753964588866676,29.846127068408325,3432.9714196739956,1.6658919079933001,2.0
176,3.6611091656204566,-1.5280675076866774,24.03303859236598,4017.9077443389547,1.6689438324903605,2.0
177,3.644471207726709,-1.6692956814195385,28.651475562476488,3278.4677945763883,1.658343018918779,2.0
178,3.7876135221711813,-1.509833962679475,29.563948155767356,3636.9481157791447,1.6702833407715731,2.0
179,3.746783919657373,-1.5988591107150918,27.994932694443882,4004.721243845928,1.6506304316676206,2.0
180,3.7635777547497082,-1.6103589317215772,23.705139061845856,3601.3599689119997,1.6780016916658962,2.0
181,3.736083603202162,-1.482010584884652,26.21119027100983,3561.9921929997013,1.6545736734776502,2.0
182,3.6435474114391386,-1.36079977136554,24.92741318082725,3528.5109154379147,1.6372564244358372,2.0
183,3.6737739866860113,-1.4081683393997686,22.288894417809615,3563.9216636475185,1.6326240750193888,2.0
184,3.724468728061396,-1.6570500603623177,25.97307784516481,3874.569694935306,1.6456567241524318,2.0
185,3.638893609555403,-1.5989628136570337,21.462880626520594,3157.6276177340987,1.6360903721467415,2.0
186,3.7356499215086196,-1.4059228812011784,28.56303816538469,3906.686740259265,1.642952004940921,2.0
187,3.6879837300920935,-1.598248739353831,23.606148108104822,3315.208569509971,1.6380253762457353,2.0
188,3.6812589596225203,-1.5224633149997024,25.603478967618518,3546.669534153117,1.6300397108734315,2.0
189,3.735547998410175,-1.4449947900975448,25.849863614638426,3514.1511159402676,1.619769062819316,2.0
190,3.7222131655743023,-1.5968344454863634,24.22328507888777,3717.710653954144,1.6105515277531413,2.0
191,3.6819516917090462,-1.489462449385404,26.760081404425826,3280.3751296232504,1.61869185047933,2.0
192,3.7579664901682124,-1.6334025494918205,23.575289030132428,3692.4345332163884,1.6291719879432347,2.0
193,3.6459468336200054,-1.5601367643951214,27.613891892371733,4004.8619246573703,1.620193937441302,2.0
194,3.7307967803472133,-1.4680218065857462,20.962060959259755,3327.365199081438,1.60303461221288,2.0
195,3.7296550628984195,-1.659299373353167,25.379138738639234,3637.941233522079,1.6146568092585118,2.0
196,3.6845226780343006,-1.45595252620396,30.816786997174855,3467.6035644406784,1.6142051737972885,2.0
197,3.716306651112106,-1.5019637798926682,21.999006026183274,3685.177441238607,1.5989344256379885,2.0
198,3.6374443211807352,-1.4447510045582852,22.966765088425447,3603.82955548315,1.6067252510594552,2.0
199,3.7462013509603453,-1.4776085865935338,26.541723548976744,3471.702618191138,1.60317908718446,2.0
200,3.690754893177851,-1.3635859570026156,25.538745345818793,3697.5744569742146,1.5885702970216937,2.0
201,3.6738638489740483,-1.4874775497352093,26.051890297820677,3960.8696219573485,1.6009748736034828,2.0
202,3.752450461291845,-1.5429405541125254,26.46756139044299,3561.8192416545403,1.6003958452636824,2.0
203,3.6647828154728623,-1.4877702496967715,26.90416440568531,3743.9515884296366,1.6030035124317528,2.0
204,3.6295769351818223,-1.4456701970963612,28.32909952586867,3341.3454084257673,1.600090020520349,2.0
205,3.622168541323805,-1.4951139929674295,26.229455970785537,3408.7127246363984,1.5731483063204292,2.0
206,3.730300497567282,-1.4959408308796118,24.276227036144373,3694.4812555760755,1.5749137496008487,2.0
207,3.635978532375186,-1.5701991687806756,27.017721103608196,3896.8232057071928,1.5868033526720866,2.0
208,3.7877397090992186,-1.5662900917550948,30.699645804685645,3671.122669757132,1.5841458595091222,2.0
209,3.595903529605814,-1.6402605271799693,24.60209876085228,3537.388393895369,1.5815074768630606,2.0
210,3.784822818414502,-1.325042325681306,22.076412085988075,3599.858281084671,1.6122273149065471,2.0
211,3.710550873360131,-1.6243863235391285,28.321242007860917,3349.9184532060567,1.5767459051069317,2.0
212,3.6951643444064803,-1.5692905197795908,24.638856508139206,3720.9030652710735,1.579723656401806,2.0
213,3.672754045659553,-1.5718407265569196,18.481991361957892,3776.466612464682,1.575233017634932,2.0
214,3.7199568057176036,-1.4105075623055559,27.542265031451265,3509.5819334333837,1.569525912513058,2.0
215,3.6981182648787576,-1.5294949678292027,23.394015442138233,3505.9915704480995,1.5571723075535968,2.0
216,3.755165094100826,-1.3752257927326266,24.728400153087517,3653.1756459304097,1.5652216922049327,2.0
217,3.705711382433102,-1.5673490624243869,25.995940991707045,3512.656052791881,1.5472047478546243,2.0
218,3.707515088073094,-1.4721005837776198,25.571499039337198,3586.7734770748357,1.5498598139326,2.0
219,3.6818193893893074,-1.5835347053259756,27.128355451417118,4019.944357833303,1.544663364521709,2.0
220,3.697152718813947,-1.285485087222661,23.69354088829047,3550.5948598508007,1.5476187413938631,2.0
221,3.715390088444603,-1.6187598419029512,26.539317394528247,3528.3319695957557,1.567223585666735,2.0
222,3.6144915803671687,-1.4690179289772973,24.221359967248247,3470.491638872968,1.5226753480740824,2.0
223,3.6325907288947143,-1.4366223119067902,27.216431442662508,3748.838394299987,1.5454756019037452,2.0
224,3.737163204701136,-1.45862009025485,26.846102452039162,3563.7551653563796,1.5197448412881034,2.0
225,3.708543271906397,-1.5185287658877709,22.193683893866215,3470.125392335715,1.5284056813421056,2.0
226,3.690800833182366,-1.5129820699733427,28.257946348525095,3864.2608064546025,1.5412615059696737,2.0
227,3.70092169665327,-1.495618852802089,23.392109664657855,3883.9206009027275,1.5282558001909545,2.0
228,3.717379085268084,-1.514700200162849,27.424173394843436,3479.9152868522588,1.514070552220707,2.0
229,3.6730120159845323,-1.403612088320509,26.10186194020402,3226.6920097278767,1.5149239629074003,2.0
230,3.6610847637298845,-1.2789476998408649,30.51455103038537,3801.5027379673843,1.5260959774893466,2.0
231,3.7097922627548843,-1.5557491785007833,24.329602052884443,3463.0740348479994,1.5092133336828288,2.0
232,3.6510813611192487,-1.6369802979579078,23.952049611645407,3758.1251198325535,1.5158925858958197,2.0
233,3.720412637785724,-1.5088282048351256,24.941741182336802,3205.979236457633,1.511388718399038,2.0
234,3.6148708197881083,-1.242029066234568,24.090460651497175,3778.5194676598617,1.501615996523942,2.0
235,3.751457781866282,-1.580367456796973,27.39982570582615,3357.765614143844,1.5267644408932532,2.0
236,3.723629874120652,-1.3360883194555933,20.151068174690238,3746.152823813305,1.50885119022318,2.0
237,3.7128014867156938,-1.3322299185923558,21.838952742560938,3602.854613567287,1.4794415741334241,2.0
238,3.749134549197276,-1.5553588241707994,21.79659123526242,3409.212116120671,1.4987325431476943,2.0
239,3.783273722223129,-1.4431016920814725,27.85092277592073,3518.592737414644,1.487419135352316,2.0
240,3.7507185032509067,-1.3371603376871461,30.131840117745774,3737.26369139134,1.4997243333479622,2.0
241,3.6079562884334178,-1.5379127740987486,24.686652344387586,3621.1788906230468,1.4804317926156731,2.0
242,3.6360211516632153,-1.5203580360102362,24.49353483042997,3716.882596094497,1.4843606355853312,2.0
243,3.668759071115216,-1.5581680913948643,25.210156489339543,3995.288116903097,1.4877028727898045,2.0
244,3.7013045525105417,-1.6014756730692867,28.485634907824572,3287.1516776577896,1.488449551941701,2.0
245,3.7258829510234563,-1.5649277545066007,22.217940597428278,3923.4425149937247,1.4649220359294424,2.0
246,3.663712809342327,-1.6223940266762256,25.715106948204355,3620.8711875046424,1.4707069876415904,2.0
247,3.709338338223854,-1.4965916531740775,27.92559288934729,3420.2431903353745,1.4664235468883904,2.0
248,3.6622308533823342,-1.5769973231058643,26.503282509819535,3333.937274852202,1.461754707674263,2.0
249,3.669424109850403,-1.4766214088209253,25.56874484979623,3562.175921844593,1.483051542402811,2.0
250,3.629666945157589,-1.6555895646203627,28.003138277701424,3784.330022384892,1.4665498171096094,2.0
251,3.653838337694455,-1.4669119767785543,16.89030312100229,3574.490175924493,1.4469881604566497,2.0
252,3.6324157697191835,-1.4166471038391075,27.033625958592722,3902.2309860494697,1.4658666194705476,2.0
253,3.6512063373511334,-1.6993735642571455,23.03777295061773,3309.764861989688,1.4749945619701263,2.0
254,3.752682089830392,-1.4625943430152428,19.50810130943063,3597.582210430789,1.4611766526055114,2.0
255,3.652530055558403,-1.3772331007526708,26.53360779857494,3349.521311117376,1.43273130034046,2.0
256,3.8316191032418696,-1.6209641018691205,29.120975635488875,3672.7263765249936,1.4401496592713376,2.0
257,3.7246658950440446,-1.3327427613162297,24.587654456116926,3777.37747801946,1.4547221114918663,2.0
258,3.709241806184744,-1.4580980990633954,27.858623641608816,3515.8476412637892,1.4320313053438123,2.0
259,3.6570821109909395,-1.5705011855758408,29.836834773965936,3079.157228674573,1.440595194281462,2.0
260,3.7350154939704496,-1.5055769077657706,28.944743360752142,3639.789629359299,1.4409463405342935,2.0
261,3.6712181086881115,-1.4441673087478277,29.919893588114178,3687.347710346702,1.4209676952842192,2.0
262,3.7061004907322683,-1.4923994608587587,27.226382473215676,3680.8589509923395,1.426672746439382,2.0
263,3.82800422691344,-1.446124400755363,25.22630091670478,3847.156438364431,1.3918803265993094,2.0
264,3.6951970050137675,-1.5920673593079366,20.194102564308494,3385.7892640701903,1.4110681235866573,2.0
265,3.757463666314284,-1.4830639175963922,24.261812535610154,3736.04322109009,1.4157993184860684,2.0
266,3.6648411787437056,-1.641371449690498,22.470260214051425,3838.501502495595,1.4028541681803512,2.0
267,3.6982505754751522,-1.51112260613487,31.51282815249344,3244.282483198697,1.4286571130393162,2.0
268,3.7885400317817757,-1.590390764146479,24.47234256270299,3663.9303651837954,1.3950265862203937,2.0
269,3.668651647110612,-1.5735529942589768,25.369614420353457,3499.164033798466,1.4019165551330302,2.0
270,3.7906224278998466,-1.3763906824789562,26.654456128121403,3583.6954653796706,1.4046074057728606,2.0
271,3.735387596772774,-1.3908689879405731,25.13080733911736,3669.5352967076674,1.4146897328906611,2.0
272,3.6718766612052867,-1.4390861879092822,30.085153121292258,3502.5542871772896,1.3828893784882057,2.0
273,3.7316203869527764,-1.6092312764672578,23.132051914796644,3464.8583841676777,1.4058446375215494,2.0
274,3.7486277224813365,-1.5316408449694803,25.58382236571173,3606.8304834976047,1.391274330610196,2.0
275,3.73109049811086,-1.3786902300020816,22.772588242905854,3382.5508122274396,1.3783099134895205,2.0
276,3.6214887640054774,-1.4858283086360096,21.03993246633788,3382.834974222963,1.3896930347426326,2.0
277,3.6636431412087567,-1.2680670460018306,23.164692727284145,3735.8746565913007,1.384003596955735,2.0
278,3.687624068222425,-1.4606682160605629,24.888889608854765,3370.241192968269,1.3729458312284122,2.0
279,3.696278328544998,-1.4807950883509968,23.71209332644822,3733.2625001818424,1.3765750208499001,2.0
280,3.731033604877534,-1.5309116464202501,22.92273706037843,3692.5182585707903,1.3689468640313824,2.0
281,3.708885050046663,-1.4866459095217717,20.781047608984498,3254.8386542418807,1.3708521734525125,2.0
282,3.633232782064495,-1.5152469836380544,24.750683282113915,3464.487069532869,1.3732493067452105,2.0
283,3.7190098925502983,-1.429189132331141,20.485838877906993,3838.8218806094746,1.3793931681614535,2.0
284,3.7305292872641913,-1.4043297683205416,27.280167891068807,3403.7668937720637,1.3480538450117316,2.0
285,3.7279895223965522,-1.578598946050795,25.24731925880351,3507.1191475381224,1.3786553337465626,2.0
286,3.754039036277731,-1.6331232953557777,20.62734550160521,3692.4121786503792,1.3346911220047752,2.0
287,3.7416961077274453,-1.6836205373103297,24.07237276885041,3756.678101856519,1.3495751490496444,2.0
288,3.722959003961422,-1.4492008673087455,22.743530783228252,3549.692222791101,1.3538511720648458,2.0
289,3.6964917144270677,-1.6103366606173874,25.957523531257543,3480.4979610616715,1.3476469186773503,2.0
290,3.6169519533242007,-1.7152890592952483,29.021351338069433,3884.4739723397015,1.3354730048017942,2.0
291,3.7214809109566294,-1.4611421395469035,19.374482591062765,3947.7799327595158,1.3364757774964273,2.0
292,3.710384384358156,-1.250700048256721,25.34507823744225,3795.771610156359,1.3304779906534117,2.0
293,3.713578941859769,-1.5006070911539893,24.51960161330008,3617.063628513005,1.3263593524305577,2.0
294,3.6361625712089847,-1.4161509225548359,27.014020229351395,3438.346855671815,1.3375880209702105,2.0
295,3.645947172979587,-1.4918170641452435,25.639589884713068,3433.911118688687,1.3294951548596505,2.0
296,3.7526576426666454,-1.5098889653191143,22.744092004783543,3704.5028210531514,1.3158229040473934,2.0
297,3.6980222423071676,-1.4080923517012232,24.042838193000147,3683.679644177737,1.3285689987543325,2.0
298,3.7340750348686313,-1.5290274544188651,22.611922429589534,3880.319718589286,1.319460995208766,2.0
299,3.701415918806523,-1.4732607685928096,28.228021415795794,3730.090018507228,1.3213256211883895,2.0
300,3.7014878069747876,-1.4678302193803987,25.063934946015827,3299.383939648036,1.3162962884192362,2.0
301,3.7469141902988,-1.5668090453643049,30.703572057259024,3810.389523544584,1.2985070498907794,2.0
302,3.6741977635891314,-1.4007957650463476,24.81801755855614,3400.3878745371176,1.2979861895980302,2.0
303,3.704806038847049,-1.517495975669541,22.87477969926861,3523.20574560953,1.3078459360512327,2.0
304,3.6768862355647483,-1.5755745159492844,20.45885682216152,3650.040041250339,1.3032557026543348,2.0
305,3.678275188628384,-1.4463490156429597,19.590580971232164,3999.133497956793,1.2937159840603585,2.0
306,3.684541393826568,-1.5898467981791038,20.24759217098353,4221.983711201072,1.291865273833088,2.0
307,3.711106688581686,-1.497181884263087,25.80137995303445,3721.3446118272363,1.3002296489578842,2.0
308,3.6760625689168265,-1.5009118996644204,26.526175069689803,3563.3606762559225,1.2782922861116417,2.0
309,3.762787806278676,-1.3914104434168422,20.2564278939036,3706.90112969611,1.2864279738117006,2.0
310,3.655269634889025,-1.4525301767120047,27.685114942228346,3777.531085174767,1.2756780734756612,2.0
311,3.6906564177919323,-1.5025026958745145,23.550816844949683,3535.8664748885617,1.2722601879677278,2.0
312,3.6780134470862915,-1.4182233700799713,25.44037903595665,3959.0422711824644,1.2821557685198717,2.0
313,3.7723488942176866,-1.3609792450982687,29.836661884766272,3646.01415183828,1.2761471634898802,2.0
314,3.7098277388255787,-1.4442189693648138,27.690517947596597,3699.5486178182787,1.2727470963600065,2.0
315,3.751592226973432,-1.4989647380156619,24.1944080562825,3733.184850410892,1.274379788071543,2.0
316,3.6257219813481516,-1.6311836232350159,22.32642332375414,3684.3173221228913,1.2582420384163273,2.0
317,3.7133525132934633,-1.6065113663075372,18.544553796012085,3767.7881000939224,1.2615525297129497,2.0
318,3.744481539781172,-1.5305224704354667,22.842540042272738,3476.5493626906155,1.2483253324340655,2.0
319,3.7041141994637714,-1.5609512202159284,24.366609283516915,3488.339649210794,1.2513586635248843,2.0
320,3.7532740187532676,-1.5186971302985446,22.038461418546447,3379.969153405661,1.2434985694563232,2.0
321,3.6741355774949818,-1.4943350075102892,24.606229098723087,3687.900246124045,1.242446959649927,2.0
322,3.7704673720092794,-1.447030724564327,25.230555648876305,3755.7873007024227,1.244099570254369,2.0
323,3.814944906180963,-1.5070498778059092,24.325432054575764,3691.554573230377,1.2266307931676652,2.0
324,3.6818580719780174,-1.4513498356173797,23.04999225752962,3934.8984866695073,1.2523958727568547,2.0
325,3.6777248739299617,-1.493552558518988,25.505964015900183,3598.8807962341907,1.218064826185003,2.0
326,3.7726692238558854,-1.6975466566353872,26.325821948708228,3733.7483311185024,1.212630113872123,2.0
327,3.7789786072865357,-1.5939335393818754,21.72880276767146,3381.659824772137,1.2329941087350007,2.0
328,3.6738569986423366,-1.5144087555721615,29.232797139238812,3522.5800595051196,1.2259646269396294,2.0
329,3.6789906591452075,-1.6209694742841108,24.704235603147215,3739.1075515131556,1.2209181981705215,2.0
330,3.685910769556975,-1.4400071270003796,25.056548868834543,3769.820422148629,1.2175834550926428,2.0
331,3.6327774744482864,-1.3469249167656303,27.12464326976967,3541.2066104671635,1.2077945322715307,2.0
332,3.6540674026757904,-1.3781238148302684,25.699648393790504,3585.6801496283865,1.1955554562851418,2.0
333,3.649792961662397,-1.5213442870930207,27.859409901739735,3296.425250663838,1.2018910455819374,2.0
334,3.661610121744794,-1.3509273863150049,25.861372495605472,3528.594159838678,1.190960382884879,2.0
335,3.6982657556306613,-1.4851332542797888,23.162687876078685,3778.0766327039573,1.2040761973341776,2.0
336,3.7117107366268263,-1.5337085971118039,26.084510575618303,3715.041003221313,1.1894414261849786,2.0
337,3.777525024640704,-1.561340266354094,21.568821378038017,3700.133144276242,1.179238028032075,2.0
338,3.6500822979630607,-1.530246968648813,25.32567911732957,3609.954737436192,1.18085414158347,2.0
339,3.749216119923829,-1.5388176818541228,24.900310028066617,3601.4126317256355,1.1847663145427563,2.0
340,3.689300557788725,-1.4829583777624513,24.37564942818238,3467.9357721053107,1.1715627544719602,2.0
341,3.6975268145173787,-1.4839426018950135,24.61438746568321,3739.765684040507,1.1655347960443356,2.0
342,3.7337409746083305,-1.4996953979846586,19.354452863507085,3684.194588877878,1.172744872114919,2.0
343,3.6438638989218854,-1.456306183025365,23.353825276777116,3698.40376959856,1.1693026657110874,2.0
344,3.7191204873092025,-1.3809353725213658,25.278534703423343,3494.793031466484,1.1583225682462888,2.0
345,3.708322610410653,-1.4050445864558676,25.4795691759922,3169.331416025751,1.1552146169438167,2.0
346,3.7246225632004077,-1.6484897968449903,21.916974577222128,3819.430542350739,1.1587724993735764,2.0
347,3.714458432195391,-1.7553921134901955,28.797123522594102,3504.232508798319,1.1384921565850268,2.0
348,3.822765006995545,-1.4065680088760726,22.401475455356497,3427.444847191376,1.1354133622562343,2.0
349,3.6681130007874345,-1.6366878698415421,27.90837160158021,3738.695782382799,1.1388125577874755,2.0
350,3.6734501522499095,-1.5224765401892684,26.281583085615054,3521.597472016174,1.1403655284828815,2.0
351,3.6688429736787618,-1.617011302605936,23.06131807046859,3811.987276809324,1.1421060756559798,2.0
352,3.6722261440419874,-1.680198043758002,30.325932677828536,3723.4011899153393,1.1502415621694955,2.0
353,3.668130643634674,-1.445853727179521,21.41908950473056,3736.7138646400954,1.14054959623202,2.0
354,3.7594508265553777,-1.4240844839697353,27.757462520830003,3326.8088577598933,1.1268526147003657,2.0
355,3.771025212399493,-1.557651040072672,28.001746954128933,3842.3887970772803,1.1247348379209734,2.0
356,3.6714626853125263,-1.759104229214491,22.988139372770064,3652.2501062467713,1.1113667063536221,2.0
357,3.6583822213447887,-1.5546244448252482,29.177395900192987,3526.1445721507594,1.117667868640076,2.0
358,3.7235707778193206,-1.4608195994597453,24.24986045620314,3628.6776934684503,1.1114214136107987,2.0
359,3.6723888477859514,-1.6478911568774128,25.866080887839573,3244.752953420336,1.1139841856033807,2.0
360,3.7316465908877756,-1.4816640080220844,25.780965516313664,3681.730562296134,1.0989276905644767,2.0
361,3.710146151042565,-1.5015309849172995,24.597073775588356,3394.125698363586,1.108830465142412,2.0
362,3.6242127942501385,-1.442070850039891,27.432424819479348,3329.465942831293,1.1153953891300257,2.0
363,3.777375260066503,-1.4880419631585846,27.38046616165664,3295.528162756422,1.0954053985154313,2.0
364,3.7897938836547764,-1.5973068940881556,19.754404080285457,3822.537674997985,1.0969291172209896,2.0
365,3.669360565475781,-1.3803428498335508,28.913020728634457,3474.1473212614424,1.096226439917111,2.0
366,3.680614922003201,-1.515852957302697,20.012524035892977,3906.7455419833,1.0817197952811417,2.0
367,3.7142932695362454,-1.5027304539509931,28.097638613024973,3492.8397073895403,1.0843739248181041,2.0
368,3.7167228394993512,-1.5933267959073196,28.38011541048275,3258.5284084814107,1.078653924007818,2.0
369,3.7329272136336415,-1.544328225119151,21.727100709354406,3376.695112010268,1.0758937609854884,2.0
370,3.8005102269383175,-1.5884802714026902,23.767557136136247,3847.162324001388,1.0635699021614453,2.0
371,3.6911526386252977,-1.5172946059923422,21.682885994542193,3568.8203644126665,1.0679221017425895,2.0
372,3.6600851377730774,-1.3288291519857656,24.355236909133794,3490.34254070188,1.0690279829124547,2.0
373,3.6310340385992737,-1.6371901142931355,24.075897147442777,3632.0036451705573,1.0749244360779504,2.0
374,3.6634534980029043,-1.6613561397876742,27.33898159680802,3700.356547233509,1.066364708260852,2.0
375,3.69834365135631,-1.352882967250639,28.930926238358825,3823.4797631804922,1.0746568245751156,2.0
376,3.7897278931758898,-1.5209323677151867,29.18705143236987,3889.6998459785855,1.0417985243711194,2.0
377,3.6741194350481914,-1.5669072738659917,23.313495920265094,3528.046270842183,1.0545362063672066,2.0
378,3.711189397581945,-1.3960095312603924,24.372334378766418,3334.7904627835924,1.0439814200573836,2.0
379,3.6991788551963625,-1.5605615539736863,19.94968542333715,3517.3069677753447,1.0603750293321768,2.0
380,3.7594196636724044,-1.3173990286453063,22.582389800511432,3652.056101316577,1.0267170171464484,2.0
381,3.8263466212936814,-1.4322074128660731,27.894554899292373,3407.248214757878,1.0227197815781923,2.0
382,3.673456561353984,-1.5487911408145703,29.846748470644695,3408.5698170209916,1.0214340735455598,2.0
383,3.675528027874089,-1.2842691786734497,21.296953384360233,3668.757576309977,1.002494042756902,2.0
384,3.7522080438534537,-1.5605714923003338,23.222607222541317,3590.2695296859097,1.0147744497831925,2.0
385,3.7340945744813157,-1.4257904627990694,24.920782729123218,3606.559399082317,1.008733673384463,2.0
386,3.792335366286802,-1.4700707419593508,25.84048347645882,3448.300933059986,1.0141159378647622,2.0
387,3.7291964092662986,-1.36982587106012,22.571189440235063,3553.9198571588468,1.0123105597577717,2.0
388,3.6820353954606473,-1.3438488803273148,26.272183133392268,3415.153371146339,1.0239297083921588,2.0
389,3.729532741534616,-1.4967995850934233,23.57848195878725,3778.0396822249572,1.0109412383818606,2.0
390,3.7554351790291456,-1.5753417870346182,24.956643187365163,3807.0498669447506,0.9919309634433758,2.0
391,3.7410241090598686,-1.4540027857060884,26.6388527440111,3230.7624275523813,0.9849728532865163,2.0
392,3.725363701555365,-1.5677715369752105,25.019266809432814,3414.097827961518,0.995127191715065,2.0
393,3.7533337344794577,-1.2986612752473377,23.690842328420295,3300.694148981984,0.9732506679297936,2.0
394,3.7584647795222836,-1.4863464668917263,24.67117058822251,3469.9952131186205,1.0010065876585434,2.0
395,3.7691079495518767,-1.5365321551312108,24.734911122383995,3583.3124060419277,0.9907194012072129,2.0
396,3.7324354943794824,-1.4815319694135092,23.889966910353618,3310.070956060294,0.970460243478953,2.0
397,3.6916440959841577,-1.6347126289529696,24.223611811998694,3415.6280373749373,0.9542416547090912,2.0
398,3.7073356843216665,-1.597161403851065,29.79594151151415,3399.2085255837,0.9811267237416542,2.0
399,3.760325448325418,-1.3799586092055574,26.682758343823718,3641.453465879789,0.9626516015474739,2.0
400,3.659153216450638,-1.5656894278971396,24.11355904591252,3613.86886740725,0.9723781631197346,2.0
401,3.718433665443645,-1.604691098268194,27.090863213532206,3455.6524893325495,0.9402527234120565,2.0
402,3.6803330593836323,-1.4463347247472713,23.99854153073197,3635.36417442788,0.9463942497704623,2.0
403,3.701437241146741,-1.3814295845337003,28.519373912759924,3490.663983082547,0.9486254369971817,2.0
404,3.7639225931303653,-1.4281046689334933,26.108926576594282,3545.6689779347894,0.9452218059376475,2.0
405,3.7095549534009953,-1.4003952314194184,24.678093567987315,3934.6904180597076,0.9364243452852076,2.0
406,3.7023218274078076,-1.575679508856946,26.343150777430832,3868.0922103580697,0.9433204993234751,2.0
407,3.6320071929510043,-1.6421810666741843,20.287371543794503,3340.0837526144805,0.9225767957061741,2.0
408,3.737312678301361,-1.3498666348044512,21.619697593270583,3765.946483575835,0.9279842051497869,2.0
409,3.7322742090570538,-1.5322679838842135,21.418224980802833,3762.2793108983183,0.9267599563171189,2.0
410,3.808162736165273,-1.5250833016455048,25.42882928429112,3370.3473422494762,0.9268443883405877,2.0
411,3.68461108825235,-1.3671805858150943,30.197544998455275,3763.755528750972,0.9249531487808889,2.0
412,3.710957516383197,-1.444376999059934,31.6939004385779,3907.5863836825106,0.9027215790816213,2.0
413,3.712469184185538,-1.4544112227918393,26.914153304322273,3375.4910387511172,0.8947518582926437,2.0
414,3.778872663988174,-1.2834997655098916,26.50253342483337,3416.4994357971473,0.918988768218985,2.0
415,3.6952352233806525,-1.5643518230380142,19.596826797541784,3803.5322933687003,0.905648140119796,2.0
416,3.713951076288517,-1.4072159871918763,23.371978600797934,3654.2990621651297,0.8909471346344344,2.0
417,3.7303948254858272,-1.4942986875102915,22.636648744275284,3710.2952550479044,0.9100445197552252,2.0
418,3.709330456157818,-1.4731407721136742,23.13745720524665,3668.1178432800994,0.8917847463429287,2.0
419,3.6776783192724736,-1.3471531573587467,24.495568544245632,3678.139184185629,0.8985099718406382,2.0
420,3.7097044996449156,-1.4492164243710377,23.58372826690862,3334.705574337783,0.883475184814101,2.0
421,3.7536815874929887,-1.4461703920950366,19.062100568872637,3809.4635413242895,0.8994844792488199,2.0
422,3.648674235029447,-1.3927492662690197,27.243730768352602,3833.9179984855546,0.892501408424432,2.0
423,3.706648483707344,-1.5364952729542884,21.78177092278058,3554.1218511863945,0.8685233585152092,2.0
424,3.6649939592530414,-1.5839209667339007,25.71774059233345,3591.3046100372276,0.8767877095095437,2.0
425,3.759752331446242,-1.6044809194021035,31.22224800924992,3293.7784994888557,0.8695787594958515,2.0
426,3.6238406547608113,-1.6966356589376002,22.241846225240728,3702.850951203567,0.8728583155753235,2.0
427,3.6720539076364207,-1.2943792870059678,17.40913743176101,3714.4114883428288,0.8455637653941991,2.0
428,3.7188605937532264,-1.6103208365721684,24.14198733435967,3587.5617966001378,0.8581085145999844,2.0
429,3.778276201461717,-1.522125362358577,28.302878904995712,3824.8706719741003,0.8578612448684958,2.0
430,3.6967124869463506,-1.527681329988892,30.87504236266178,3533.184553804012,0.825712605135769,2.0
431,3.6722400236653403,-1.46925933021909,21.31135121664275,3712.92118517872,0.8274844148733421,2.0
432,3.7940578534720295,-1.4184262787460704,26.490097669709566,3396.0671322615767,0.814935678222399,2.0
433,3.627599304979188,-1.4139526511640255,23.60406862965984,3595.2895698251523,0.8286389316555545,2.0
434,3.590059702168996,-1.5583077438568937,24.682154937087592,3565.129148419433,0.8345074225579595,2.0
435,3.722000722502667,-1.5167121713786411,32.933030041051104,3645.0615844081885,0.8383485705209602,2.0
436,3.6748972887823697,-1.47174200495117,20.49108901481454,3526.0946142333282,0.8200529478041979,2.0
437,3.6489383591434645,-1.5248691126183547,25.76121898448372,3573.7054808656662,0.8315791554557127,2.0
438,3.7354178223649677,-1.3392654423980006,26.403079515296298,3765.209434288301,0.7974669854178511,2.0
439,3.71219003568856,-1.4509025048361748,28.25735897481804,3512.6471525523566,0.7902031756064485,2.0
440,3.6717960684631636,-1.4265122213950183,25.293949460412687,3278.684579852264,0.8026445230110337,2.0
441,3.6359847800664555,-1.4337118731332588,25.924151618512308,3949.916780841084,0.8029976544893931,2.0
442,3.7436228664140074,-1.3826526142514675,23.825054297734628,3876.290815738097,0.794781052519059,2.0
443,3.732510058897933,-1.4818978441296293,25.807380823735322,3341.547460978876,0.7703785789996012,2.0
444,3.695041206811031,-1.6296831947955845,23.97042317350777,3737.9415610490387,0.7861007996048721,2.0
445,3.7923318498023835,-1.460031204824736,26.864715669568152,3499.4050458897314,0.7698803049949514,2.0
446,3.6464957616836924,-1.5651356893791828,23.891168991869097,3652.6974430662117,0.7855487254883002,2.0
447,3.6237237414537633,-1.5528616681749756,26.131301181706558,3658.844825802699,0.7784389824609685,2.0
448,3.665404596505938,-1.4413635981244908,24.912211558945064,3553.1184399367357,0.7612892021367265,2.0
449,3.6977206991822253,-1.3761716928566363,28.378150752316504,3443.2468668827205,0.7614583308266331,2.0
450,3.7121669724661346,-1.4978728423263938,24.845818829234542,3461.891789536748,0.7519078647811106,2.0
451,3.687938197107184,-1.4691166987401036,19.680902595379358,3416.7616169037515,0.7577702090272682,2.0
452,3.717602769825715,-1.3297785055364761,28.785764502141976,3433.635558353911,0.7638394232050123,2.0
453,3.637423028790478,-1.4759246820511431,22.282803097412142,3586.564341990129,0.7403157395366446,2.0
454,3.772188230203663,-1.2398316885819605,23.03870098405354,3456.8480021778496,0.7510924651551785,2.0
455,3.695892441080372,-1.4434490354368457,23.213016117869522,3736.410413142524,0.7366224238162755,2.0
456,3.7558647915794063,-1.6760762759155818,29.123314279512453,3897.4492310671853,0.7298632716773766,2.0
457,3.7171362673188852,-1.4246658378895467,18.592977358063912,3483.9893517259916,0.7325826964004543,2.0
458,3.722837660957689,-1.4618841615117222,34.41324560097998,3647.8809001070754,0.7191555767758063,2.0
459,3.72848836401161,-1.3710247245917255,28.168170427198156,3699.937022060587,0.7198205069465283,2.0
460,3.722385428000866,-1.4326818648730042,25.66971674238748,3694.400454183855,0.7092212210741113,2.0
461,3.7321361379933773,-1.5138455983983774,24.83531799815114,3615.1910535832176,0.7366842513291639,2.0
462,3.7664576265066216,-1.6224298236289365,25.856662224572972,3748.5364836719446,0.7132206355197173,2.0
463,3.7098260584850737,-1.5209023257286025,26.563367285138014,3696.4497905361313,0.701695744920074,2.0
464,3.735450187879426,-1.58505204542093,26.935646757850172,3352.4675155345403,0.7066517991073422,2.0
465,3.6955132152856387,-1.5580523449804722,26.666813398010344,3773.831212877855,0.6992017195030916,2.0
466,3.772005860772474,-1.441142159557939,25.268742043765748,3777.4581674533483,0.6939223040046676,2.0
467,3.6661803848970367,-1.3330095495648593,24.40798473907802,3447.3427791642835,0.6980746670004343,2.0
468,3.790047021645541,-1.460532847017702,24.546180149039465,3607.5875670895202,0.695303077100473,2.0
469,3.697992102467783,-1.6195883062035183,24.415275158941956,3736.6657985622137,0.6782119885238946,2.0
470,3.6284612448940976,-1.455539733177986,28.401310290601195,3558.137236084128,0.6735418175935532,2.0
471,3.70640522074554,-1.3803368513354348,26.780670166842587,3814.5956095532024,0.6723264830284836,2.0
472,3.6659474171262563,-1.5609782904319383,16.178834096007158,4072.774498923872,0.647828788352644,2.0
473,3.7420321774494365,-1.5134017166672917,26.967702329589283,3442.8027934730035,0.6514610893780146,2.0
474,3.667368801034881,-1.4985311805270802,25.584208584156325,3323.791079369245,0.6760407426744452,2.0
475,3.6776908283392613,-1.578489831308224,24.943873730662308,3660.763719120975,0.6745746771350128,2.0
476,3.6055229634527235,-1.435171956615614,23.83444464073334,3744.312501025229,0.6513816396044363,2.0
477,3.677384684037546,-1.5120948148607782,28.37233815995804,3553.826725231046,0.6553785696305576,2.0
478,3.5788060336685525,-1.4580467556092973,27.842579386368573,3890.652132664207,0.6484605015454353,2.0
479,3.6208048588257142,-1.58874921778021,22.68136699652917,3332.2788400553504,0.6718658080845525,2.0
480,3.738020732807215,-1.543745830032341,26.221156861373604,3738.583724606322,0.6479957491143455,2.0
481,3.7392900079325417,-1.427761864217223,22.08502979637614,3478.827835848221,0.6312378240851924,2.0
482,3.7212728780892483,-1.5372833152091767,20.86114550563321,3943.8755812414593,0.6186725955939959,2.0
483,3.6516511928435396,-1.3273036148766595,23.119848326230105,3998.503070633624,0.6078685367974241,2.0
484,3.697614432192901,-1.5399636185614602,27.587180417148275,3446.6686824433305,0.6216666363586721,2.0
485,3.6998198730454717,-1.4775315274248113,27.85937513612826,3490.088572818284,0.6077614925471568,2.0
486,3.642081765540373,-1.406740916812691,26.53925626029188,3771.9175773959605,0.5967894629040231,2.0
487,3.7751699150883575,-1.6418365732933031,27.17528736054399,3522.573870042097,0.6002272711575748,2.0
488,3.7438681145287838,-1.6760808811980776,26.548534861344876,3590.9177564135525,0.5915525199638559,2.0
489,3.688951791308517,-1.6525656314570094,23.075555214331143,3605.077684108482,0.6149084163507256,2.0
490,3.701344291949727,-1.3737415896572818,26.29576763402182,3216.0653687604686,0.6025163975694945,2.0
491,3.7104191403973776,-1.5551858145892448,27.401228575683046,3597.2324507811527,0.5892772735868338,2.0
492,3.5979132565787855,-1.2441800714331748,27.262873989440724,3462.054445187165,0.5998074413889001,2.0
493,3.6876411308739705,-1.5564247598657388,28.56674011442393,3501.375435520046,0.5814266830764763,2.0
494,3.66590078760011,-1.4815448696802962,27.12491154160319,3888.726400693763,0.5676791579867174,2.0
495,3.6499189995052546,-1.3457890047432124,26.054344622624747,3348.6986211441485,0.5871562407726965,2.0
496,3.6859449853557025,-1.2993907111840877,28.210450714949282,3762.6410373495955,0.5729411004368467,2.0
497,3.7898843263424764,-1.2938496423363601,24.92043622225282,3544.2074139336382,0.5528005384567355,2.0
498,3.732042143063351,-1.3791633769406857,22.354376046316847,3544.047966300833,0.5568846132191638,2.0
499,3.67144105051086,-1.3975937474188538,24.510799108168708,3758.074379210342,0.5456408174661526,2.0
500,3.728629139067808,-1.4407473050798818,22.765292065580653,3668.010258913778,0.5361720026903567,2.0
