cycle,voltage,current,temperature,discharge_time,capacity,rated_capacity,SOH,RUL,Status
1,3.746308877376582,-1.3600644563413995,27.33508322849991,3464.9643450051235,2.0,2.0,100.0,196,Healthy
2,3.795470832023507,-1.407536631708723,23.3464428510144,3571.0962658568965,1.9958053569882883,2.0,99.79026784941442,195,Healthy
3,3.630071621309043,-1.4940369630079826,22.54540334973308,3441.516015800008,2.0,2.0,100.0,194,Healthy
4,3.728148461834529,-1.5646936777705571,24.989876627767146,3538.407694072192,2.0,2.0,100.0,193,Healthy
5,3.667467871543909,-1.430177668638641,24.48944613242521,3221.277066609243,1.9905834662527664,2.0,99.52917331263832,192,Healthy
6,3.675643730811765,-1.460651461457825,23.640315852018176,3642.658741474588,1.989150630430508,2.0,99.4575315215254,191,Healthy
7,3.6703803037880567,-1.4104806779972268,27.089162342370145,3600.2410950724448,2.0,2.0,100.0,190,Healthy
8,3.6568004615160095,-1.4364828198318031,27.865915625711533,3436.582273786362,1.996282347291529,2.0,99.81411736457645,189,Healthy
9,3.7024260813972414,-1.3950447284680665,25.265220658875545,3731.849133686481,1.9824622561406504,2.0,99.12311280703253,188,Healthy
10,3.658452494179448,-1.5535235211560567,29.432590243165784,3787.514027525312,1.99112560043586,2.0,99.556280021793,187,Healthy
11,3.713522841288992,-1.3682605934365677,21.574932657599483,3278.488027126205,1.9796028230718756,2.0,98.98014115359378,186,Healthy
12,3.697488094527544,-1.48024003953076,24.419021622160844,3447.455044286757,1.9781107024642972,2.0,98.90553512321486,185,Healthy
13,3.68805259765668,-1.2924739127374734,22.849533038191584,3446.1715300425403,1.9837126227156603,2.0,99.18563113578301,184,Healthy
14,3.65462181689792,-1.5689187818089567,19.400390148780826,3412.019379778227,1.960679197553422,2.0,98.0339598776711,183,Healthy
15,3.671161433471584,-1.326403619683475,24.7519579424719,3765.89496838635,1.9610758216748696,2.0,98.05379108374348,182,Healthy
16,3.737769561291288,-1.4802089216537353,24.63475747485015,3561.234772245439,1.9712091247075905,2.0,98.56045623537952,181,Healthy
17,3.7250458593812192,-1.5651418003614448,29.540349229726395,3547.097031737878,1.965204688796656,2.0,98.2602344398328,180,Healthy
18,3.651122237760073,-1.548388583405432,26.89243505366433,3199.227527118649,1.9769704733259528,2.0,98.84852366629764,179,Healthy
19,3.7049666152714615,-1.532034730819432,21.927439527012385,3727.083606041845,1.963236759244788,2.0,98.16183796223939,178,Healthy
20,3.737569356168589,-1.4575834053598085,30.562277699002564,3352.1483210293054,1.956676962986647,2.0,97.83384814933235,177,Healthy
21,3.616529735943932,-1.44771645119645,28.66310108657606,3611.9865260532656,1.9839334876892156,2.0,99.19667438446078,176,Healthy
22,3.727168009618997,-1.557370000393858,26.746293110405848,3655.475387591639,1.9654902369951344,2.0,98.27451184975672,175,Healthy
23,3.666868812052708,-1.5024354592260982,24.320547703450504,3872.1317191677294,1.9668882820468792,2.0,98.34441410234396,174,Healthy
24,3.728529933429658,-1.2857729641388136,22.12168228982956,3338.2359201761774,1.9504245181378652,2.0,97.52122590689326,173,Healthy
25,3.6618370421728734,-1.3272456829899288,23.88337967178684,2996.097568835835,1.9576811727547485,2.0,97.88405863773743,172,Healthy
26,3.6097558949667743,-1.4563676330325968,28.26624585911256,3636.769908950739,1.9626812258970987,2.0,98.13406129485493,171,Healthy
27,3.618622878105842,-1.49619965218318,30.653758917803827,3960.1022363021702,1.948503064225777,2.0,97.42515321128884,170,Healthy
28,3.702404247333069,-1.4879968673281738,29.629730584816567,3847.789270587888,1.962204980183457,2.0,98.11024900917285,169,Healthy
29,3.7129861250860734,-1.4386482027269585,23.533451734641176,3641.931883054925,1.950870613100812,2.0,97.5435306550406,168,Healthy
30,3.65478416874478,-1.6022792565198405,21.641147700132965,3501.6727628735907,1.9523830625020675,2.0,97.61915312510338,167,Healthy
31,3.731929622938869,-1.5257376537423346,25.422658740733613,3761.424519327462,1.947699933877706,2.0,97.3849966938853,166,Healthy
32,3.616923996886552,-1.666858407387759,19.694681903311444,3405.290760059106,1.9706507818450896,2.0,98.53253909225448,165,Healthy
33,3.6966960100676345,-1.460077687739472,25.969503142554345,3695.271553871244,1.9503980277526207,2.0,97.51990138763104,164,Healthy
34,3.639449190011877,-1.435280406029726,24.557192241103994,3701.0940318333255,1.9383548907104409,2.0,96.91774453552205,163,Healthy
35,3.667408194609892,-1.5483186462299374,23.601890494395278,3812.041981499776,1.955550449121032,2.0,97.7775224560516,162,Healthy
36,3.7023699335658207,-1.3426013236709968,20.215890798199613,4151.932007782216,1.93350356350029,2.0,96.6751781750145,161,Healthy
37,3.6569793317358026,-1.622576566300234,26.54080031970915,3678.4831934357535,1.9461816359500477,2.0,97.30908179750239,160,Healthy
38,3.6807722227885087,-1.646437488020982,23.401897481014267,3498.2072748585,1.9228712987612024,2.0,96.14356493806012,159,Healthy
39,3.750314640460722,-1.4775548181440028,21.490249492869136,3594.885137561601,1.9275551395110155,2.0,96.37775697555078,158,Healthy
40,3.6711554065238423,-1.3952901697387845,16.383213360155054,3246.1848190221763,1.9411686123586915,2.0,97.05843061793458,157,Healthy
41,3.741784605603257,-1.331607230854213,24.91745528484809,3461.0573737821883,1.9449416657999543,2.0,97.24708328999772,156,Healthy
42,3.643514657267119,-1.545888426286894,30.316754790009234,3518.143512377379,1.9376216828119,2.0,96.881084140595,155,Healthy
43,3.726490208895764,-1.3921319166568704,29.98377764364361,3495.182320413081,1.9330965171761176,2.0,96.65482585880588,154,Healthy
44,3.772078431032895,-1.5038508469500709,23.628711230241183,3630.470974406745,1.929580963044107,2.0,96.47904815220535,153,Healthy
45,3.576417774993636,-1.517262729994082,23.19336381891466,3435.51601352356,1.9161397800963256,2.0,95.80698900481627,152,Healthy
46,3.660155237226476,-1.4116340062513328,26.40632276822507,3824.2061334648943,1.922053557916053,2.0,96.10267789580264,151,Healthy
47,3.728853606359027,-1.434767712158658,22.004843682435126,3600.0414129836395,1.922966612290402,2.0,96.1483306145201,150,Healthy
48,3.6898477306978505,-1.657639215698425,25.9053756994584,3598.139935772277,1.9364592222621893,2.0,96.82296111310946,149,Healthy
49,3.7185572936685656,-1.3523459650274103,27.298240835154072,3534.4210566974166,1.9276331828956843,2.0,96.38165914478421,148,Healthy
50,3.669800740664209,-1.3619908645852548,28.680799671652924,3631.038136771796,1.9048695984463728,2.0,95.24347992231864,147,Healthy
51,3.704329489373645,-1.562556270150953,24.69953777056014,3765.019652933527,1.924037839693948,2.0,96.2018919846974,146,Healthy
52,3.692216138230396,-1.4604196466562591,24.388978749469103,3426.57395685782,1.915237177195837,2.0,95.76185885979184,145,Healthy
53,3.7583891030829903,-1.450596981371726,22.366052239730315,3468.3767021849485,1.9106037799969404,2.0,95.53018899984703,144,Healthy
54,3.712721042165061,-1.4739326234176091,22.51935893788042,3539.254794244667,1.9217687628884088,2.0,96.08843814442044,143,Healthy
55,3.71688013310376,-1.555030515384542,24.32056332429542,3330.825815305357,1.92423499522496,2.0,96.211749761248,142,Healthy
56,3.6794061516938767,-1.5671623367938052,26.102096520448534,3436.1484280557006,1.921504801191162,2.0,96.0752400595581,141,Healthy
57,3.675619688796376,-1.5025554070991445,27.74075387869975,3504.755825291068,1.9020608247677733,2.0,95.10304123838867,140,Healthy
58,3.678372090609019,-1.3827270980740636,22.590463147958964,3774.8778361425457,1.905615876241488,2.0,95.2807938120744,139,Healthy
59,3.719722607118915,-1.4456399845405568,29.478065706878567,3652.512265800385,1.910269634314036,2.0,95.5134817157018,138,Healthy
60,3.6789507759589872,-1.5370614332086106,24.186629196872293,3638.717982273509,1.914955451271224,2.0,95.7477725635612,137,Healthy
61,3.714488742844821,-1.4228301289351657,24.935898116954693,3770.179592433594,1.8986452576215471,2.0,94.93226288107735,136,Healthy
62,3.803770039932272,-1.7848542620630077,22.75836496255653,3572.525642320121,1.8998114102333616,2.0,94.99057051166808,135,Healthy
63,3.7435562351715848,-1.3851234299627897,17.727279219181177,3678.092969985778,1.88882965025994,2.0,94.441482512997,134,Healthy
64,3.683698823391608,-1.67397137787781,27.652136189083148,3579.355649413501,1.8861499337591932,2.0,94.30749668795966,133,Healthy
65,3.7600606961081975,-1.5362440941403133,27.2105316912773,3653.072469879926,1.904450258223942,2.0,95.2225129111971,132,Healthy
66,3.6795962313489223,-1.6119669894626143,24.15601732864536,3483.4482684776835,1.908094400285708,2.0,95.4047200142854,131,Healthy
67,3.598093773241108,-1.629468147572091,25.200972151674616,3112.236568344714,1.8920128987841969,2.0,94.60064493920984,130,Healthy
68,3.64959568445413,-1.383917321262148,26.547817653112297,3573.1441675627398,1.9009633289789205,2.0,95.04816644894602,129,Healthy
69,3.606460403948708,-1.5467701201311892,20.31236242934037,3884.549627219988,1.8927333602504763,2.0,94.63666801252381,128,Healthy
70,3.682424325797935,-1.4653496118269285,23.412841967961118,3785.2430804483183,1.8808488024539487,2.0,94.04244012269743,127,Healthy
71,3.700920918959478,-1.5046920578879184,27.38279403886548,3793.0794969182334,1.889090956055084,2.0,94.45454780275419,126,Healthy
72,3.783821865613764,-1.452295917277688,21.23713173049225,3847.226144361244,1.89902836566466,2.0,94.951418283233,125,Healthy
73,3.716346368688208,-1.4923178108939743,25.880673796499888,3617.731518192288,1.8814547396089003,2.0,94.07273698044501,124,Healthy
74,3.689044973559557,-1.628299222418857,20.930254586129784,3639.4631414811192,1.89561843655814,2.0,94.78092182790701,123,Healthy
75,3.7414702790591754,-1.400373318055286,26.39928994730058,3476.46962091313,1.8519275489591025,2.0,92.59637744795512,122,Healthy
76,3.589443234549606,-1.549375658316131,24.89307555310755,3536.78542879459,1.884491025043752,2.0,94.22455125218761,121,Healthy
77,3.711780727905429,-1.6556581898659752,20.154604552283477,3723.154229954229,1.8752834706823815,2.0,93.76417353411908,120,Healthy
78,3.7385432596943486,-1.5428115160965912,28.494218063371516,3840.776887433764,1.8695579264953412,2.0,93.47789632476706,119,Healthy
79,3.626070687711008,-1.3499240209365688,22.79622526960585,3572.1107448638,1.871594607765355,2.0,93.57973038826775,118,Healthy
80,3.757187702160347,-1.4149778257886507,22.56924268895685,3509.962147029717,1.8489243108539908,2.0,92.44621554269953,117,Healthy
81,3.7169248203747207,-1.534865213440786,25.60170759169283,3600.1055917713197,1.864720281121625,2.0,93.23601405608125,116,Healthy
82,3.67923560430496,-1.5349257704318429,28.445912048286147,3720.241349785823,1.868599125715117,2.0,93.42995628575585,115,Healthy
83,3.7316390933053145,-1.5321635051217382,21.952534543064807,3311.229036773292,1.8779119404474152,2.0,93.89559702237077,114,Healthy
84,3.81353464289022,-1.292325201643916,25.18503954954392,3140.7638093725523,1.856049297817264,2.0,92.8024648908632,113,Healthy
85,3.709093312752925,-1.4618064547768446,26.28644950099172,3489.892630101683,1.851240063971068,2.0,92.5620031985534,112,Healthy
86,3.712411029315017,-1.456995835280893,27.079316821789437,3355.857514817168,1.8523944295641543,2.0,92.61972147820772,111,Healthy
87,3.677031955022988,-1.3969716545968158,25.52932466583168,3498.371960470538,1.8646470211770207,2.0,93.23235105885104,110,Healthy
88,3.657507781526761,-1.4761210840973489,23.89891648275003,3570.4439362365056,1.856855511096597,2.0,92.84277555482984,109,Healthy
89,3.741516790827213,-1.5259042145820705,22.51722933805384,3509.350318195397,1.8463393979623293,2.0,92.31696989811647,108,Healthy
90,3.657195808704557,-1.5196349849084978,25.258431649139123,3890.493506894149,1.8548326743311336,2.0,92.74163371655668,107,Healthy
91,3.7035783118609698,-1.5071601259414065,21.78358296404318,3665.348952920464,1.8487277754934808,2.0,92.43638877467404,106,Healthy
92,3.676117127661744,-1.5037222236509842,16.235948549516177,3660.0948719221656,1.8554944499053287,2.0,92.77472249526643,105,Healthy
93,3.72394899128732,-1.427237045636302,26.309679412473,3724.441428808681,1.8368324690612263,2.0,91.84162345306132,104,Healthy
94,3.716683105264348,-1.49480541141927,27.711804523258586,3372.2333764438463,1.8386153785340225,2.0,91.93076892670112,103,Healthy
95,3.751876997212895,-1.4267359922784422,17.911202693374484,3807.8223574840536,1.8360039184686785,2.0,91.80019592343392,102,Healthy
96,3.674499180057263,-1.5080716580108582,21.970807885870187,3584.847142692908,1.8233168505186788,2.0,91.16584252593394,101,Healthy
97,3.686506253235331,-1.492136480968391,26.857462783015592,3734.0961234482425,1.838934202770646,2.0,91.9467101385323,100,Healthy
98,3.651061814210885,-1.6998200684532108,31.172486409135097,3385.628553391969,1.836598552721799,2.0,91.82992763608995,99,Healthy
99,3.6777853369961946,-1.4083672325297518,25.062381123026224,3289.248246796787,1.8320481345664248,2.0,91.60240672832124,98,Healthy
100,3.718865024652243,-1.4653511524102008,22.8159911763126,3763.5779316050057,1.8276541286662489,2.0,91.38270643331245,97,Healthy
101,3.737849430832268,-1.4001989890140347,24.45131067668548,3675.281905219503,1.813843292579496,2.0,90.69216462897481,96,Healthy
102,3.653891733791119,-1.789625537819369,29.124629257444557,3419.589689128498,1.8217815467723464,2.0,91.08907733861732,95,Healthy
103,3.7434802960052833,-1.2911625295219271,23.062107462626397,3426.0673837450613,1.820545854834732,2.0,91.0272927417366,94,Healthy
104,3.767781892940248,-1.5139589628155177,22.60242398004924,3825.086956882954,1.813929227307784,2.0,90.6964613653892,93,Healthy
105,3.720671745161185,-1.3891817183262485,23.551769433453902,3362.1176214265342,1.81831214288334,2.0,90.915607144167,92,Healthy
106,3.7938397906279033,-1.603990592712553,22.14001417522386,3928.534590651193,1.8219325085681453,2.0,91.09662542840726,91,Healthy
107,3.6613105400448216,-1.438722609493743,25.368010947984388,3419.8758530704263,1.8347148590121052,2.0,91.73574295060526,90,Healthy
108,3.637767264834429,-1.6053415563173656,29.87403537540868,3727.678385121677,1.8155537781283184,2.0,90.77768890641592,89,Healthy
109,3.611063987554786,-1.5623768960695803,25.969237819348088,3534.276304850203,1.814332503907228,2.0,90.7166251953614,88,Healthy
110,3.7748022155744594,-1.3085968646133217,24.242939493621137,3720.637486216469,1.8089555408423383,2.0,90.44777704211691,87,Healthy
111,3.7327182828177032,-1.519068240076335,24.12456619325337,3491.177199577161,1.7884492878470095,2.0,89.42246439235048,86,Healthy
112,3.697220766454477,-1.4782567126820276,20.31042757391003,3567.4414187855414,1.805302861245508,2.0,90.2651430622754,85,Healthy
113,3.713998431315991,-1.4129932269311245,27.64932933144148,3608.183835079144,1.8040953020994104,2.0,90.20476510497052,84,Healthy
114,3.643725547635081,-1.4504318112027397,24.766488408961592,3399.562508843705,1.8260444211248528,2.0,91.30222105624264,83,Healthy
115,3.8222875989808416,-1.4849581094856423,24.45856025922812,3748.164869084025,1.7974013903521888,2.0,89.87006951760944,82,Healthy
116,3.7064610590987614,-1.4635038997533774,34.57932270353459,3497.357286705683,1.8002474734233362,2.0,90.01237367116681,81,Healthy
117,3.705469739730245,-1.2596584414761725,25.89625872509706,3554.280016931996,1.7947858823029477,2.0,89.73929411514739,80,Healthy
118,3.736288331194935,-1.5057618797033585,22.744626849714447,3401.1301250782976,1.7813412196238048,2.0,89.06706098119024,79,Healthy
119,3.724050461586836,-1.4798900953285032,23.72092721138337,3087.533268240938,1.80234522814515,2.0,90.1172614072575,78,Healthy
120,3.711194201213957,-1.394934560399239,28.445337127590264,3561.794447479966,1.796319330326868,2.0,89.81596651634341,77,Healthy
121,3.660476277227735,-1.3894474067042015,25.339811231613293,4082.523084322583,1.7945873194704305,2.0,89.72936597352152,76,Healthy
122,3.7235734178568,-1.381296969443962,20.685166065047905,3756.9208575796047,1.7754541254520526,2.0,88.77270627260263,75,Healthy
123,3.794101224823752,-1.4361269777970815,27.75768680372561,3596.147924053121,1.796440943109361,2.0,89.82204715546806,74,Healthy
124,3.767271002307749,-1.6143004912730483,22.995567743383017,3547.4218341583464,1.7662534893720774,2.0,88.31267446860387,73,Healthy
125,3.77965933133197,-1.3366568467698905,30.61989332865264,3604.4931785624094,1.7839935709380026,2.0,89.19967854690013,72,Healthy
126,3.674439216178441,-1.6146345393018688,28.240144197143945,3709.423823035042,1.7978765562580996,2.0,89.89382781290499,71,Healthy
127,3.650519758987071,-1.4697364534760966,23.658034313023748,3363.837436938231,1.7639076367486932,2.0,88.19538183743467,70,Healthy
128,3.693710653995018,-1.5754275850019357,28.843049085205337,3822.8643389337744,1.7659850227039722,2.0,88.2992511351986,69,Healthy
129,3.7027862456144343,-1.5064138346592992,25.20356653158221,3743.0762630882487,1.7704735136508765,2.0,88.52367568254382,68,Healthy
130,3.754709575923548,-1.467123758969652,27.55832102536666,3743.637145141587,1.7622652434588382,2.0,88.11326217294192,67,Healthy
131,3.6153767685142593,-1.4678642784549727,26.454198451883425,3687.6951477619455,1.7496103656893387,2.0,87.48051828446694,66,Healthy
132,3.776477515973031,-1.4578079245764717,22.46093003502738,3603.923331538798,1.76361362974806,2.0,88.180681487403,65,Healthy
133,3.692099605071051,-1.3386288730941354,23.06935050304761,3734.572247193364,1.750109962862739,2.0,87.50549814313695,64,Healthy
134,3.678655946502629,-1.454646569848602,28.089882452743485,3718.362826748275,1.7632679243063518,2.0,88.16339621531759,63,Healthy
135,3.649394781236992,-1.5244156635290649,23.995674003680374,3529.191857811795,1.7471307576576618,2.0,87.35653788288309,62,Healthy
136,3.617257166406712,-1.4035912831711643,23.78905461027401,3485.27964542062,1.7696113440501755,2.0,88.48056720250878,61,Healthy
137,3.741158529198096,-1.381052951107536,22.134632261951943,3620.371259052397,1.7440604670766375,2.0,87.20302335383188,60,Healthy
138,3.70366589835942,-1.6227607815136993,26.270797196780386,3909.8040302990375,1.7464473848379432,2.0,87.32236924189716,59,Healthy
139,3.635501955012948,-1.4402599930150142,31.18757475772944,3352.17858486922,1.7555721721736968,2.0,87.77860860868483,58,Healthy
140,3.635246061396819,-1.4298827257689102,21.797401257237183,3306.494946849512,1.7328913568356603,2.0,86.64456784178302,57,Healthy
141,3.683210765035494,-1.5297563503359992,25.072658370018274,3632.9521682473032,1.7452315993460414,2.0,87.26157996730207,56,Healthy
142,3.7834510762644697,-1.362429318668838,29.236661666246288,3610.177540371204,1.7537794275428242,2.0,87.68897137714121,55,Healthy
143,3.68702043243182,-1.5150055587032527,24.761075826262854,3634.6683328740814,1.7223781676543877,2.0,86.11890838271938,54,Healthy
144,3.624842852344095,-1.4874423546528457,26.3571153887492,3648.7906395817,1.738038338585323,2.0,86.90191692926615,53,Healthy
145,3.687712846795703,-1.517307182428387,21.81281941555936,3555.359549073039,1.7365238279424842,2.0,86.8261913971242,52,Healthy
146,3.6863638215126167,-1.4984420952418531,26.284921291622947,3897.9726877204166,1.739470228717773,2.0,86.97351143588865,51,Healthy
147,3.5651556678529217,-1.6096275086895202,24.438567204986352,3279.819204304697,1.7170034928912192,2.0,85.85017464456097,50,Healthy
148,3.6972852566741095,-1.6440050882594297,27.957189987039587,3434.300595043951,1.713883433869157,2.0,85.69417169345786,49,Healthy
149,3.688453273489566,-1.3405494936775026,28.56215815469425,3579.3490479701904,1.7300164156561688,2.0,86.50082078280845,48,Healthy
150,3.734810318240671,-1.5846961348318327,32.76869092605584,3271.3622377691663,1.725469846732332,2.0,86.2734923366166,47,Healthy
151,3.792447804747268,-1.5991392349456308,26.738899519640725,3564.829119113586,1.7227019285034588,2.0,86.13509642517295,46,Healthy
152,3.756328251477388,-1.7153390113603717,25.977388949746494,3932.294033145604,1.7213524820949695,2.0,86.06762410474848,45,Healthy
153,3.6865555654722586,-1.5638961747689502,25.583152904732007,3604.177297659192,1.7087727527842151,2.0,85.43863763921075,44,Healthy
154,3.644673704562917,-1.63230897934075,23.940501121567934,3646.1401811437368,1.71557453697161,2.0,85.7787268485805,43,Healthy
155,3.828667990162493,-1.335798483986363,26.01545153038507,3347.967046965484,1.7138557247329869,2.0,85.69278623664934,42,Healthy
156,3.7029609217007247,-1.3990182910657365,24.11379576958291,3476.7277183921046,1.7014484858197363,2.0,85.07242429098682,41,Healthy
157,3.700696464595648,-1.5688150345177725,25.50538292880884,3524.9607239352126,1.7249107451114476,2.0,86.24553725557237,40,Healthy
158,3.6987937456445,-1.2747564194655692,28.95279260682388,3536.4569806487534,1.708646329209118,2.0,85.43231646045591,39,Healthy
159,3.709904238038393,-1.4018234513008403,21.98037230416108,3856.328759000754,1.6896439650279735,2.0,84.48219825139867,38,Healthy
160,3.692781979403803,-1.532483138350862,28.41963568338713,3711.5382121450248,1.7057655360863384,2.0,85.28827680431692,37,Healthy
161,3.671316899655989,-1.7499405714873573,28.9513452020196,3377.7084086125938,1.6870901832977268,2.0,84.35450916488634,36,Healthy
162,3.6726570529379807,-1.2709057427409258,24.645794419026764,3649.300955686401,1.7023388460374247,2.0,85.11694230187123,35,Healthy
163,3.6983623364892,-1.6389572466763596,18.634435302974214,3699.644349699357,1.703678955790074,2.0,85.1839477895037,34,Healthy
164,3.672828761443312,-1.6645398746956892,23.176534038716703,3828.0298077042535,1.6815051768164828,2.0,84.07525884082415,33,Healthy
165,3.664357710866142,-1.397742956799036,28.890983639683327,3916.108137313675,1.6969587612924433,2.0,84.84793806462217,32,Healthy
166,3.705321511384595,-1.2560247593660727,24.931395813103357,3396.9811616344264,1.6890598092693652,2.0,84.45299046346825,31,Healthy
167,3.6872511391289575,-1.361572718148948,22.002093303115267,3437.8284977579324,1.690753601599945,2.0,84.53768007999724,30,Healthy
168,3.775199649429135,-1.443609087994764,23.48567523631535,3348.4844282170766,1.6990959298265391,2.0,84.95479649132696,29,Healthy
169,3.5674515095803496,-1.440524565833471,27.521860079513655,3553.196028178604,1.6752631188399714,2.0,83.76315594199856,28,Healthy
170,3.754575342596124,-1.4146584441219692,26.640200704604137,3693.2716748892663,1.667762638356425,2.0,83.38813191782126,27,Healthy
171,3.7623042596248815,-1.4241071410213235,24.28320370249092,3797.46690331782,1.663981855703745,2.0,83.19909278518725,26,Healthy
172,3.596330488379593,-1.4718808576030624,23.899526764555937,3584.809795271496,1.6622898971503457,2.0,83.11449485751729,25,Healthy
173,3.682865620295983,-1.4895798896048125,23.824725552868536,3536.0304953490318,1.667241982905859,2.0,83.36209914529294,24,Healthy
174,3.6814279567002095,-1.5062593127899522,22.23276944650449,3630.351598449748,1.6689835197481664,2.0,83.44917598740832,23,Healthy
175,3.629624415264109,-1.5753964588866676,29.846127068408325,3432.971419673996,1.6658919079933,2.0,83.294595399665,22,Healthy
176,3.6611091656204566,-1.5280675076866774,24.03303859236598,4017.907744338954,1.6689438324903605,2.0,83.44719162451803,21,Healthy
177,3.644471207726709,-1.6692956814195383,28.651475562476488,3278.4677945763883,1.658343018918779,2.0,82.91715094593896,20,Healthy
178,3.787613522171181,-1.509833962679475,29.56394815576736,3636.9481157791447,1.6702833407715731,2.0,83.51416703857866,19,Healthy
179,3.746783919657373,-1.5988591107150918,27.99493269444388,4004.721243845928,1.6506304316676206,2.0,82.53152158338104,18,Healthy
180,3.763577754749708,-1.6103589317215772,23.705139061845856,3601.359968912,1.6780016916658962,2.0,83.90008458329481,17,Healthy
181,3.736083603202162,-1.482010584884652,26.21119027100983,3561.9921929997013,1.6545736734776502,2.0,82.72868367388251,16,Healthy
182,3.643547411439138,-1.36079977136554,24.92741318082725,3528.5109154379147,1.6372564244358372,2.0,81.86282122179186,15,Healthy
183,3.6737739866860113,-1.4081683393997686,22.288894417809612,3563.9216636475185,1.6326240750193888,2.0,81.63120375096943,14,Healthy
184,3.724468728061396,-1.6570500603623175,25.97307784516481,3874.569694935306,1.6456567241524318,2.0,82.28283620762159,13,Healthy
185,3.638893609555403,-1.5989628136570335,21.462880626520597,3157.6276177340987,1.6360903721467417,2.0,81.80451860733709,12,Healthy
186,3.73564992150862,-1.4059228812011784,28.56303816538469,3906.686740259265,1.642952004940921,2.0,82.14760024704604,11,Healthy
187,3.6879837300920935,-1.598248739353831,23.606148108104826,3315.208569509971,1.6380253762457353,2.0,81.90126881228676,10,Healthy
188,3.68125895962252,-1.5224633149997024,25.60347896761852,3546.669534153117,1.6300397108734317,2.0,81.50198554367158,9,Healthy
189,3.735547998410175,-1.4449947900975448,25.849863614638423,3514.151115940268,1.619769062819316,2.0,80.9884531409658,8,Healthy
190,3.7222131655743023,-1.5968344454863634,24.22328507888777,3717.710653954144,1.6105515277531413,2.0,80.52757638765706,7,Healthy
191,3.6819516917090462,-1.489462449385404,26.760081404425826,3280.3751296232504,1.61869185047933,2.0,80.9345925239665,6,Healthy
192,3.757966490168213,-1.6334025494918205,23.575289030132428,3692.434533216389,1.6291719879432347,2.0,81.45859939716173,5,Healthy
193,3.645946833620005,-1.5601367643951214,27.613891892371733,4004.8619246573694,1.620193937441302,2.0,81.00969687206509,4,Healthy
194,3.730796780347213,-1.4680218065857462,20.962060959259755,3327.365199081438,1.60303461221288,2.0,80.151730610644,3,Healthy
195,3.72965506289842,-1.659299373353167,25.379138738639234,3637.941233522079,1.6146568092585118,2.0,80.7328404629256,2,Healthy
196,3.684522678034301,-1.45595252620396,30.81678699717485,3467.6035644406784,1.6142051737972885,2.0,80.71025868986442,1,Healthy
197,3.716306651112106,-1.5019637798926682,21.999006026183277,3685.177441238607,1.5989344256379885,2.0,79.94672128189943,0,Degrading
198,3.6374443211807352,-1.4447510045582852,22.966765088425447,3603.82955548315,1.6067252510594552,2.0,80.33626255297276,0,Healthy
199,3.746201350960345,-1.4776085865935338,26.541723548976744,3471.702618191138,1.60317908718446,2.0,80.158954359223,0,Healthy
200,3.690754893177851,-1.3635859570026156,25.538745345818796,3697.574456974215,1.5885702970216935,2.0,79.42851485108467,0,Degrading
201,3.673863848974048,-1.4874775497352093,26.05189029782068,3960.869621957349,1.6009748736034828,2.0,80.04874368017414,0,Healthy
202,3.752450461291845,-1.5429405541125254,26.46756139044299,3561.8192416545403,1.6003958452636824,2.0,80.01979226318412,0,Healthy
203,3.6647828154728623,-1.4877702496967715,26.90416440568531,3743.951588429637,1.6030035124317528,2.0,80.15017562158764,0,Healthy
204,3.6295769351818223,-1.4456701970963612,28.32909952586867,3341.345408425768,1.600090020520349,2.0,80.00450102601745,0,Healthy
205,3.622168541323805,-1.4951139929674295,26.229455970785537,3408.7127246363984,1.5731483063204292,2.0,78.65741531602146,0,Degrading
206,3.730300497567282,-1.4959408308796118,24.276227036144373,3694.481255576076,1.5749137496008487,2.0,78.74568748004243,0,Degrading
207,3.635978532375186,-1.5701991687806756,27.0177211036082,3896.8232057071928,1.5868033526720866,2.0,79.34016763360432,0,Degrading
208,3.787739709099218,-1.5662900917550948,30.699645804685645,3671.122669757132,1.5841458595091222,2.0,79.20729297545611,0,Degrading
209,3.595903529605814,-1.6402605271799693,24.60209876085228,3537.388393895369,1.5815074768630606,2.0,79.07537384315303,0,Degrading
210,3.784822818414502,-1.325042325681306,22.076412085988075,3599.858281084671,1.6122273149065471,2.0,80.61136574532736,0,Healthy
211,3.710550873360131,-1.6243863235391285,28.32124200786092,3349.9184532060567,1.5767459051069317,2.0,78.83729525534659,0,Degrading
212,3.69516434440648,-1.5692905197795908,24.63885650813921,3720.9030652710735,1.579723656401806,2.0,78.9861828200903,0,Degrading
213,3.672754045659553,-1.5718407265569196,18.48199136195789,3776.466612464682,1.575233017634932,2.0,78.7616508817466,0,Degrading
214,3.719956805717604,-1.410507562305556,27.542265031451265,3509.581933433384,1.569525912513058,2.0,78.47629562565291,0,Degrading
215,3.6981182648787576,-1.5294949678292027,23.394015442138237,3505.9915704480995,1.5571723075535968,2.0,77.85861537767984,0,Degrading
216,3.755165094100826,-1.3752257927326266,24.72840015308752,3653.1756459304097,1.565221692204933,2.0,78.26108461024664,0,Degrading
217,3.705711382433102,-1.5673490624243869,25.995940991707045,3512.656052791881,1.5472047478546245,2.0,77.36023739273122,0,Degrading
218,3.707515088073094,-1.4721005837776198,25.5714990393372,3586.773477074836,1.5498598139326,2.0,77.49299069663,0,Degrading
219,3.6818193893893074,-1.5835347053259756,27.12835545141712,4019.944357833303,1.544663364521709,2.0,77.23316822608545,0,Degrading
220,3.697152718813947,-1.285485087222661,23.69354088829047,3550.5948598508007,1.5476187413938631,2.0,77.38093706969316,0,Degrading
221,3.715390088444603,-1.6187598419029512,26.539317394528247,3528.331969595756,1.567223585666735,2.0,78.36117928333675,0,Degrading
222,3.6144915803671687,-1.469017928977297,24.221359967248247,3470.491638872968,1.5226753480740824,2.0,76.13376740370413,0,Degrading
223,3.6325907288947135,-1.4366223119067902,27.216431442662508,3748.838394299987,1.5454756019037452,2.0,77.27378009518726,0,Degrading
224,3.737163204701136,-1.45862009025485,26.84610245203916,3563.75516535638,1.5197448412881034,2.0,75.98724206440517,0,Degrading
225,3.708543271906397,-1.5185287658877709,22.19368389386621,3470.125392335715,1.5284056813421056,2.0,76.42028406710529,0,Degrading
226,3.690800833182366,-1.5129820699733427,28.257946348525092,3864.2608064546025,1.5412615059696737,2.0,77.06307529848368,0,Degrading
227,3.70092169665327,-1.495618852802089,23.392109664657852,3883.920600902728,1.5282558001909543,2.0,76.41279000954772,0,Degrading
228,3.717379085268084,-1.514700200162849,27.42417339484344,3479.9152868522588,1.514070552220707,2.0,75.70352761103535,0,Degrading
229,3.673012015984532,-1.403612088320509,26.10186194020402,3226.6920097278767,1.5149239629074005,2.0,75.74619814537003,0,Degrading
230,3.661084763729885,-1.2789476998408649,30.51455103038537,3801.502737967384,1.5260959774893466,2.0,76.30479887446732,0,Degrading
231,3.709792262754884,-1.555749178500783,24.329602052884443,3463.0740348479994,1.5092133336828288,2.0,75.46066668414144,0,Degrading
232,3.6510813611192487,-1.6369802979579078,23.952049611645407,3758.1251198325535,1.5158925858958197,2.0,75.79462929479098,0,Degrading
233,3.720412637785724,-1.5088282048351256,24.9417411823368,3205.979236457633,1.511388718399038,2.0,75.5694359199519,0,Degrading
234,3.614870819788108,-1.242029066234568,24.09046065149717,3778.5194676598617,1.501615996523942,2.0,75.0807998261971,0,Degrading
235,3.751457781866282,-1.580367456796973,27.39982570582615,3357.765614143844,1.5267644408932532,2.0,76.33822204466266,0,Degrading
236,3.723629874120652,-1.3360883194555933,20.15106817469024,3746.152823813305,1.50885119022318,2.0,75.442559511159,0,Degrading
237,3.7128014867156938,-1.3322299185923558,21.838952742560934,3602.854613567287,1.479441574133424,2.0,73.9720787066712,0,Degrading
238,3.749134549197276,-1.5553588241707994,21.79659123526242,3409.212116120671,1.4987325431476943,2.0,74.93662715738472,0,Degrading
239,3.783273722223129,-1.4431016920814723,27.85092277592073,3518.592737414644,1.487419135352316,2.0,74.37095676761581,0,Degrading
240,3.7507185032509063,-1.337160337687146,30.13184011774577,3737.26369139134,1.4997243333479622,2.0,74.98621666739811,0,Degrading
241,3.6079562884334178,-1.5379127740987486,24.686652344387586,3621.178890623047,1.4804317926156731,2.0,74.02158963078365,0,Degrading
242,3.6360211516632153,-1.5203580360102362,24.49353483042997,3716.882596094497,1.4843606355853312,2.0,74.21803177926655,0,Degrading
243,3.668759071115216,-1.5581680913948643,25.210156489339543,3995.288116903097,1.4877028727898045,2.0,74.38514363949022,0,Degrading
244,3.7013045525105417,-1.6014756730692867,28.48563490782457,3287.1516776577896,1.488449551941701,2.0,74.42247759708505,0,Degrading
245,3.725882951023456,-1.5649277545066007,22.21794059742828,3923.4425149937247,1.4649220359294424,2.0,73.24610179647212,0,Degrading
246,3.663712809342327,-1.6223940266762256,25.715106948204355,3620.8711875046415,1.4707069876415904,2.0,73.53534938207952,0,Degrading
247,3.709338338223854,-1.4965916531740775,27.92559288934729,3420.2431903353745,1.4664235468883904,2.0,73.32117734441952,0,Degrading
248,3.6622308533823342,-1.5769973231058645,26.50328250981953,3333.937274852202,1.461754707674263,2.0,73.08773538371315,0,Degrading
249,3.669424109850403,-1.4766214088209253,25.56874484979623,3562.175921844593,1.483051542402811,2.0,74.15257712014055,0,Degrading
250,3.629666945157589,-1.6555895646203629,28.003138277701424,3784.330022384892,1.4665498171096094,2.0,73.32749085548048,0,Degrading
251,3.653838337694455,-1.4669119767785543,16.89030312100229,3574.490175924493,1.4469881604566497,2.0,72.34940802283248,0,Degrading
252,3.632415769719184,-1.4166471038391075,27.03362595859272,3902.2309860494697,1.4658666194705476,2.0,73.29333097352738,0,Degrading
253,3.651206337351133,-1.6993735642571457,23.03777295061773,3309.764861989688,1.4749945619701263,2.0,73.74972809850632,0,Degrading
254,3.752682089830392,-1.4625943430152428,19.50810130943063,3597.582210430789,1.4611766526055114,2.0,73.05883263027557,0,Degrading
255,3.652530055558403,-1.3772331007526708,26.53360779857494,3349.521311117376,1.43273130034046,2.0,71.636565017023,0,Degrading
256,3.8316191032418696,-1.6209641018691203,29.120975635488875,3672.7263765249936,1.4401496592713376,2.0,72.00748296356689,0,Degrading
257,3.724665895044045,-1.3327427613162297,24.58765445611693,3777.37747801946,1.4547221114918665,2.0,72.73610557459332,0,Degrading
258,3.709241806184744,-1.4580980990633954,27.858623641608816,3515.847641263789,1.4320313053438125,2.0,71.60156526719062,0,Degrading
259,3.65708211099094,-1.5705011855758408,29.836834773965936,3079.157228674573,1.440595194281462,2.0,72.02975971407311,0,Degrading
260,3.7350154939704496,-1.5055769077657706,28.944743360752145,3639.789629359299,1.4409463405342935,2.0,72.04731702671468,0,Degrading
261,3.671218108688112,-1.4441673087478275,29.919893588114174,3687.347710346702,1.4209676952842192,2.0,71.04838476421097,0,Degrading
262,3.706100490732268,-1.4923994608587587,27.22638247321568,3680.85895099234,1.426672746439382,2.0,71.3336373219691,0,Degrading
263,3.82800422691344,-1.446124400755363,25.22630091670478,3847.156438364431,1.3918803265993094,2.0,69.59401632996547,0,Degrading
264,3.695197005013768,-1.5920673593079366,20.19410256430849,3385.7892640701903,1.4110681235866571,2.0,70.55340617933285,0,Degrading
265,3.757463666314284,-1.4830639175963922,24.261812535610154,3736.04322109009,1.4157993184860684,2.0,70.78996592430342,0,Degrading
266,3.6648411787437056,-1.641371449690498,22.470260214051425,3838.501502495595,1.4028541681803512,2.0,70.14270840901756,0,Degrading
267,3.698250575475152,-1.51112260613487,31.51282815249344,3244.282483198697,1.4286571130393162,2.0,71.43285565196581,0,Degrading
268,3.788540031781776,-1.590390764146479,24.47234256270299,3663.9303651837954,1.3950265862203937,2.0,69.75132931101969,0,Degrading
269,3.668651647110612,-1.5735529942589768,25.369614420353457,3499.164033798466,1.4019165551330302,2.0,70.0958277566515,0,Degrading
270,3.790622427899847,-1.3763906824789562,26.654456128121403,3583.6954653796706,1.4046074057728606,2.0,70.23037028864303,0,Degrading
271,3.735387596772774,-1.3908689879405731,25.13080733911736,3669.5352967076674,1.4146897328906611,2.0,70.73448664453306,0,Degrading
272,3.671876661205287,-1.4390861879092822,30.085153121292254,3502.5542871772896,1.3828893784882057,2.0,69.14446892441029,0,Degrading
273,3.731620386952776,-1.6092312764672578,23.132051914796644,3464.8583841676777,1.4058446375215494,2.0,70.29223187607747,0,Degrading
274,3.748627722481337,-1.5316408449694805,25.58382236571173,3606.8304834976047,1.391274330610196,2.0,69.5637165305098,0,Degrading
275,3.73109049811086,-1.3786902300020816,22.77258824290585,3382.55081222744,1.3783099134895205,2.0,68.91549567447602,0,Degrading
276,3.621488764005477,-1.4858283086360096,21.03993246633788,3382.834974222963,1.3896930347426326,2.0,69.48465173713163,0,Degrading
277,3.6636431412087567,-1.2680670460018306,23.164692727284145,3735.8746565913007,1.384003596955735,2.0,69.20017984778674,0,Degrading
278,3.687624068222425,-1.4606682160605629,24.888889608854765,3370.241192968269,1.3729458312284122,2.0,68.64729156142062,0,Degrading
279,3.696278328544998,-1.4807950883509968,23.71209332644822,3733.2625001818415,1.3765750208499,2.0,68.828751042495,0,Degrading
280,3.731033604877534,-1.53091164642025,22.92273706037843,3692.5182585707903,1.3689468640313824,2.0,68.44734320156913,0,Degrading
281,3.708885050046663,-1.4866459095217717,20.781047608984498,3254.8386542418807,1.3708521734525123,2.0,68.54260867262562,0,Degrading
282,3.633232782064495,-1.5152469836380544,24.750683282113915,3464.487069532869,1.3732493067452105,2.0,68.66246533726053,0,Degrading
283,3.7190098925502975,-1.429189132331141,20.485838877906996,3838.821880609474,1.3793931681614535,2.0,68.96965840807268,0,Degrading
284,3.7305292872641913,-1.4043297683205416,27.280167891068807,3403.766893772064,1.3480538450117316,2.0,67.40269225058658,0,Degrading
285,3.727989522396552,-1.578598946050795,25.24731925880351,3507.1191475381224,1.3786553337465626,2.0,68.93276668732813,0,Degrading
286,3.754039036277731,-1.6331232953557775,20.62734550160521,3692.4121786503792,1.3346911220047752,2.0,66.73455610023876,0,Degrading
287,3.741696107727445,-1.6836205373103297,24.07237276885041,3756.678101856519,1.3495751490496444,2.0,67.47875745248221,0,Degrading
288,3.722959003961422,-1.4492008673087455,22.74353078322825,3549.692222791101,1.3538511720648458,2.0,67.69255860324229,0,Degrading
289,3.696491714427068,-1.6103366606173874,25.957523531257543,3480.4979610616715,1.3476469186773503,2.0,67.38234593386751,0,Degrading
290,3.6169519533242007,-1.7152890592952483,29.021351338069437,3884.4739723397015,1.3354730048017942,2.0,66.77365024008971,0,Degrading
291,3.721480910956629,-1.4611421395469035,19.374482591062765,3947.779932759516,1.336475777496427,2.0,66.82378887482136,0,Degrading
292,3.710384384358156,-1.250700048256721,25.34507823744225,3795.771610156359,1.3304779906534117,2.0,66.52389953267058,0,Degrading
293,3.713578941859769,-1.5006070911539893,24.51960161330008,3617.063628513005,1.3263593524305577,2.0,66.31796762152788,0,Degrading
294,3.6361625712089847,-1.416150922554836,27.014020229351395,3438.346855671815,1.3375880209702105,2.0,66.87940104851052,0,Degrading
295,3.645947172979587,-1.4918170641452435,25.639589884713068,3433.911118688687,1.3294951548596503,2.0,66.47475774298252,0,Degrading
296,3.752657642666645,-1.5098889653191143,22.744092004783543,3704.502821053152,1.3158229040473934,2.0,65.79114520236968,0,Degrading
297,3.698022242307168,-1.4080923517012232,24.042838193000147,3683.679644177737,1.3285689987543323,2.0,66.42844993771662,0,Degrading
298,3.7340750348686313,-1.5290274544188651,22.611922429589534,3880.319718589286,1.319460995208766,2.0,65.9730497604383,0,Degrading
299,3.701415918806523,-1.4732607685928096,28.228021415795794,3730.090018507228,1.3213256211883897,2.0,66.06628105941948,0,Degrading
300,3.701487806974788,-1.4678302193803987,25.063934946015827,3299.383939648036,1.3162962884192362,2.0,65.81481442096181,0,Degrading
301,3.7469141902988,-1.5668090453643049,30.703572057259024,3810.389523544584,1.2985070498907794,2.0,64.92535249453897,0,Degrading
302,3.6741977635891314,-1.4007957650463476,24.81801755855614,3400.3878745371176,1.2979861895980302,2.0,64.89930947990152,0,Degrading
303,3.704806038847049,-1.517495975669541,22.87477969926861,3523.20574560953,1.307845936051233,2.0,65.39229680256165,0,Degrading
304,3.676886235564748,-1.5755745159492844,20.45885682216152,3650.040041250339,1.3032557026543348,2.0,65.16278513271673,0,Degrading
305,3.678275188628384,-1.4463490156429597,19.590580971232164,3999.133497956793,1.2937159840603585,2.0,64.68579920301792,0,Degrading
306,3.684541393826568,-1.5898467981791038,20.24759217098353,4221.983711201072,1.291865273833088,2.0,64.5932636916544,0,Degrading
307,3.711106688581686,-1.497181884263087,25.80137995303445,3721.344611827236,1.3002296489578842,2.0,65.01148244789421,0,Degrading
308,3.6760625689168265,-1.5009118996644204,26.526175069689803,3563.3606762559225,1.2782922861116417,2.0,63.914614305582084,0,Degrading
309,3.762787806278676,-1.3914104434168422,20.2564278939036,3706.90112969611,1.2864279738117006,2.0,64.32139869058503,0,Degrading
310,3.655269634889025,-1.452530176712005,27.685114942228346,3777.531085174767,1.2756780734756612,2.0,63.78390367378306,0,Degrading
311,3.690656417791932,-1.5025026958745145,23.550816844949683,3535.8664748885617,1.2722601879677278,2.0,63.61300939838639,0,Degrading
312,3.678013447086292,-1.4182233700799711,25.44037903595665,3959.042271182464,1.2821557685198717,2.0,64.10778842599359,0,Degrading
313,3.772348894217687,-1.3609792450982687,29.836661884766272,3646.01415183828,1.2761471634898802,2.0,63.80735817449401,0,Degrading
314,3.7098277388255783,-1.4442189693648138,27.6905179475966,3699.548617818279,1.2727470963600065,2.0,63.637354818000325,0,Degrading
315,3.751592226973432,-1.498964738015662,24.1944080562825,3733.184850410892,1.274379788071543,2.0,63.718989403577154,0,Degrading
316,3.625721981348152,-1.631183623235016,22.32642332375414,3684.3173221228913,1.258242038416327,2.0,62.912101920816355,0,Degrading
317,3.7133525132934633,-1.6065113663075372,18.544553796012085,3767.7881000939215,1.2615525297129495,2.0,63.07762648564748,0,Degrading
318,3.744481539781172,-1.5305224704354667,22.842540042272734,3476.5493626906155,1.2483253324340655,2.0,62.41626662170327,0,Degrading
319,3.7041141994637714,-1.5609512202159284,24.366609283516915,3488.339649210794,1.2513586635248843,2.0,62.56793317624422,0,Degrading
320,3.753274018753268,-1.5186971302985446,22.038461418546447,3379.969153405661,1.2434985694563232,2.0,62.17492847281616,0,Degrading
321,3.6741355774949818,-1.4943350075102892,24.606229098723087,3687.900246124045,1.242446959649927,2.0,62.12234798249635,0,Degrading
322,3.77046737200928,-1.447030724564327,25.230555648876305,3755.787300702423,1.244099570254369,2.0,62.20497851271845,0,Degrading
323,3.814944906180963,-1.5070498778059092,24.325432054575764,3691.554573230377,1.2266307931676652,2.0,61.331539658383264,0,Degrading
324,3.6818580719780174,-1.4513498356173795,23.04999225752962,3934.8984866695073,1.2523958727568547,2.0,62.61979363784273,0,Degrading
325,3.6777248739299617,-1.493552558518988,25.505964015900183,3598.8807962341907,1.218064826185003,2.0,60.90324130925014,0,Degrading
326,3.772669223855885,-1.6975466566353872,26.325821948708228,3733.7483311185024,1.212630113872123,2.0,60.631505693606144,0,Degrading
327,3.778978607286536,-1.5939335393818754,21.72880276767146,3381.659824772137,1.2329941087350007,2.0,61.64970543675003,0,Degrading
328,3.6738569986423366,-1.5144087555721617,29.23279713923881,3522.58005950512,1.2259646269396294,2.0,61.29823134698147,0,Degrading
329,3.678990659145208,-1.6209694742841108,24.70423560314721,3739.107551513156,1.2209181981705215,2.0,61.04590990852608,0,Degrading
330,3.685910769556975,-1.4400071270003796,25.056548868834543,3769.820422148629,1.2175834550926428,2.0,60.87917275463214,0,Degrading
331,3.6327774744482864,-1.3469249167656303,27.12464326976967,3541.2066104671635,1.2077945322715309,2.0,60.38972661357654,0,Degrading
332,3.6540674026757904,-1.3781238148302684,25.699648393790504,3585.6801496283865,1.1955554562851418,2.0,59.77777281425709,0,Critical
333,3.649792961662397,-1.5213442870930207,27.85940990173973,3296.425250663838,1.2018910455819374,2.0,60.09455227909687,0,Degrading
334,3.661610121744794,-1.3509273863150049,25.861372495605472,3528.594159838678,1.190960382884879,2.0,59.548019144243945,0,Critical
335,3.698265755630661,-1.4851332542797888,23.162687876078685,3778.076632703957,1.2040761973341776,2.0,60.20380986670888,0,Degrading
336,3.7117107366268254,-1.533708597111804,26.084510575618303,3715.041003221313,1.1894414261849786,2.0,59.47207130924893,0,Critical
337,3.777525024640704,-1.561340266354094,21.568821378038017,3700.133144276242,1.179238028032075,2.0,58.96190140160375,0,Critical
338,3.6500822979630607,-1.530246968648813,25.32567911732957,3609.954737436192,1.18085414158347,2.0,59.042707079173496,0,Critical
339,3.749216119923829,-1.5388176818541228,24.900310028066617,3601.4126317256355,1.1847663145427565,2.0,59.238315727137824,0,Critical
340,3.689300557788725,-1.482958377762451,24.37564942818238,3467.9357721053107,1.1715627544719602,2.0,58.57813772359801,0,Critical
341,3.6975268145173783,-1.4839426018950137,24.61438746568321,3739.765684040507,1.1655347960443356,2.0,58.27673980221678,0,Critical
342,3.7337409746083305,-1.4996953979846586,19.354452863507085,3684.194588877878,1.172744872114919,2.0,58.63724360574595,0,Critical
343,3.643863898921885,-1.456306183025365,23.35382527677712,3698.40376959856,1.1693026657110874,2.0,58.46513328555437,0,Critical
344,3.7191204873092025,-1.3809353725213658,25.278534703423343,3494.793031466484,1.1583225682462888,2.0,57.916128412314436,0,Critical
345,3.708322610410653,-1.4050445864558676,25.4795691759922,3169.331416025751,1.1552146169438169,2.0,57.76073084719084,0,Critical
346,3.724622563200408,-1.6484897968449903,21.916974577222128,3819.430542350739,1.1587724993735764,2.0,57.93862496867882,0,Critical
347,3.714458432195391,-1.7553921134901955,28.797123522594102,3504.232508798319,1.1384921565850268,2.0,56.924607829251336,0,Critical
348,3.822765006995545,-1.4065680088760726,22.401475455356497,3427.444847191376,1.1354133622562343,2.0,56.77066811281172,0,Critical
349,3.6681130007874345,-1.636687869841542,27.90837160158021,3738.695782382799,1.1388125577874757,2.0,56.940627889373786,0,Critical
350,3.6734501522499095,-1.5224765401892684,26.28158308561505,3521.597472016174,1.1403655284828815,2.0,57.01827642414408,0,Critical
351,3.6688429736787618,-1.617011302605936,23.06131807046859,3811.987276809324,1.1421060756559798,2.0,57.10530378279899,0,Critical
352,3.672226144041987,-1.680198043758002,30.325932677828536,3723.4011899153393,1.1502415621694957,2.0,57.51207810847478,0,Critical
353,3.668130643634674,-1.445853727179521,21.41908950473056,3736.713864640096,1.14054959623202,2.0,57.027479811601,0,Critical
354,3.7594508265553777,-1.4240844839697353,27.757462520830003,3326.8088577598933,1.1268526147003657,2.0,56.34263073501828,0,Critical
355,3.771025212399493,-1.557651040072672,28.001746954128933,3842.38879707728,1.1247348379209734,2.0,56.23674189604867,0,Critical
356,3.6714626853125263,-1.759104229214491,22.988139372770064,3652.2501062467713,1.111366706353622,2.0,55.5683353176811,0,Critical
357,3.6583822213447887,-1.5546244448252482,29.177395900192987,3526.14457215076,1.117667868640076,2.0,55.8833934320038,0,Critical
358,3.723570777819321,-1.4608195994597453,24.24986045620314,3628.6776934684494,1.1114214136107987,2.0,55.57107068053993,0,Critical
359,3.672388847785952,-1.6478911568774128,25.866080887839573,3244.752953420336,1.1139841856033807,2.0,55.699209280169036,0,Critical
360,3.731646590887776,-1.4816640080220844,25.780965516313664,3681.730562296134,1.0989276905644767,2.0,54.94638452822384,0,Critical
361,3.710146151042565,-1.5015309849172995,24.59707377558836,3394.125698363586,1.108830465142412,2.0,55.44152325712059,0,Critical
362,3.6242127942501385,-1.442070850039891,27.432424819479348,3329.465942831293,1.1153953891300257,2.0,55.76976945650129,0,Critical
363,3.777375260066503,-1.4880419631585846,27.38046616165664,3295.528162756422,1.0954053985154313,2.0,54.770269925771565,0,Critical
364,3.789793883654776,-1.5973068940881556,19.754404080285457,3822.537674997985,1.0969291172209896,2.0,54.84645586104948,0,Critical
365,3.669360565475781,-1.3803428498335508,28.913020728634457,3474.1473212614424,1.096226439917111,2.0,54.81132199585556,0,Critical
366,3.680614922003201,-1.515852957302697,20.012524035892977,3906.7455419833,1.0817197952811417,2.0,54.08598976405708,0,Critical
367,3.714293269536245,-1.5027304539509931,28.097638613024973,3492.8397073895403,1.084373924818104,2.0,54.218696240905196,0,Critical
368,3.7167228394993512,-1.5933267959073196,28.38011541048275,3258.5284084814107,1.078653924007818,2.0,53.93269620039089,0,Critical
369,3.7329272136336415,-1.544328225119151,21.727100709354406,3376.695112010268,1.0758937609854884,2.0,53.79468804927442,0,Critical
370,3.8005102269383175,-1.5884802714026902,23.767557136136247,3847.162324001388,1.063569902161445,2.0,53.178495108072255,0,Critical
371,3.6911526386252977,-1.5172946059923422,21.682885994542197,3568.8203644126665,1.0679221017425895,2.0,53.39610508712948,0,Critical
372,3.660085137773077,-1.3288291519857656,24.355236909133797,3490.34254070188,1.0690279829124547,2.0,53.45139914562274,0,Critical
373,3.6310340385992737,-1.6371901142931355,24.075897147442777,3632.003645170557,1.0749244360779504,2.0,53.74622180389752,0,Critical
374,3.663453498002904,-1.6613561397876742,27.33898159680802,3700.356547233509,1.066364708260852,2.0,53.3182354130426,0,Critical
375,3.69834365135631,-1.352882967250639,28.930926238358825,3823.479763180492,1.0746568245751156,2.0,53.73284122875578,0,Critical
376,3.7897278931758898,-1.5209323677151867,29.18705143236987,3889.6998459785855,1.0417985243711194,2.0,52.08992621855597,0,Critical
377,3.674119435048192,-1.5669072738659915,23.31349592026509,3528.046270842183,1.0545362063672066,2.0,52.72681031836033,0,Critical
378,3.711189397581945,-1.3960095312603924,24.372334378766418,3334.7904627835924,1.0439814200573836,2.0,52.19907100286918,0,Critical
379,3.6991788551963625,-1.5605615539736863,19.94968542333715,3517.3069677753447,1.0603750293321768,2.0,53.01875146660884,0,Critical
380,3.759419663672405,-1.3173990286453063,22.582389800511432,3652.056101316577,1.0267170171464484,2.0,51.33585085732242,0,Critical
381,3.8263466212936814,-1.4322074128660731,27.894554899292373,3407.248214757878,1.0227197815781923,2.0,51.13598907890962,0,Critical
382,3.673456561353984,-1.5487911408145705,29.84674847064469,3408.569817020992,1.0214340735455598,2.0,51.07170367727799,0,Critical
383,3.675528027874089,-1.2842691786734497,21.296953384360236,3668.757576309977,1.002494042756902,2.0,50.1247021378451,0,Critical
384,3.7522080438534537,-1.5605714923003338,23.22260722254132,3590.2695296859097,1.0147744497831923,2.0,50.73872248915961,0,Critical
385,3.734094574481316,-1.4257904627990694,24.920782729123214,3606.559399082317,1.008733673384463,2.0,50.43668366922315,0,Critical
386,3.792335366286802,-1.4700707419593508,25.84048347645882,3448.300933059986,1.0141159378647622,2.0,50.70579689323811,0,Critical
387,3.7291964092662986,-1.36982587106012,22.571189440235063,3553.9198571588468,1.0123105597577715,2.0,50.615527987888576,0,Critical
388,3.6820353954606473,-1.3438488803273148,26.272183133392268,3415.153371146339,1.0239297083921588,2.0,51.19648541960794,0,Critical
389,3.729532741534616,-1.4967995850934233,23.57848195878725,3778.039682224957,1.0109412383818606,2.0,50.547061919093025,0,Critical
390,3.7554351790291456,-1.5753417870346182,24.956643187365163,3807.049866944751,0.9919309634433758,2.0,49.596548172168795,0,Critical
391,3.7410241090598686,-1.4540027857060884,26.6388527440111,3230.7624275523813,0.9849728532865164,2.0,49.24864266432582,0,Critical
392,3.725363701555365,-1.5677715369752103,25.01926680943281,3414.097827961518,0.995127191715065,2.0,49.75635958575325,0,Critical
393,3.7533337344794577,-1.2986612752473377,23.690842328420292,3300.694148981984,0.9732506679297936,2.0,48.662533396489685,0,Critical
394,3.758464779522284,-1.4863464668917263,24.67117058822251,3469.9952131186205,1.0010065876585434,2.0,50.050329382927174,0,Critical
395,3.7691079495518767,-1.5365321551312108,24.734911122383995,3583.312406041928,0.9907194012072128,2.0,49.53597006036064,0,Critical
396,3.7324354943794815,-1.4815319694135092,23.889966910353618,3310.070956060294,0.970460243478953,2.0,48.52301217394765,0,Critical
397,3.6916440959841577,-1.6347126289529696,24.22361181199869,3415.6280373749373,0.9542416547090912,2.0,47.71208273545456,0,Critical
398,3.7073356843216665,-1.597161403851065,29.79594151151415,3399.2085255837,0.9811267237416542,2.0,49.056336187082714,0,Critical
399,3.760325448325418,-1.3799586092055574,26.68275834382372,3641.453465879789,0.962651601547474,2.0,48.132580077373696,0,Critical
400,3.659153216450638,-1.5656894278971396,24.11355904591252,3613.86886740725,0.9723781631197346,2.0,48.61890815598673,0,Critical
401,3.718433665443645,-1.604691098268194,27.09086321353221,3455.652489332549,0.9402527234120563,2.0,47.01263617060282,0,Critical
402,3.680333059383632,-1.446334724747271,23.99854153073197,3635.36417442788,0.9463942497704624,2.0,47.319712488523116,0,Critical
403,3.701437241146741,-1.3814295845337003,28.519373912759924,3490.663983082547,0.9486254369971816,2.0,47.43127184985908,0,Critical
404,3.763922593130365,-1.4281046689334933,26.10892657659428,3545.6689779347894,0.9452218059376476,2.0,47.26109029688238,0,Critical
405,3.7095549534009953,-1.4003952314194184,24.678093567987315,3934.690418059708,0.9364243452852076,2.0,46.821217264260376,0,Critical
406,3.702321827407808,-1.575679508856946,26.343150777430832,3868.0922103580697,0.9433204993234752,2.0,47.16602496617376,0,Critical
407,3.632007192951004,-1.6421810666741845,20.287371543794503,3340.0837526144805,0.922576795706174,2.0,46.1288397853087,0,Critical
408,3.737312678301361,-1.3498666348044512,21.619697593270583,3765.946483575835,0.9279842051497867,2.0,46.39921025748934,0,Critical
409,3.7322742090570538,-1.5322679838842137,21.418224980802837,3762.2793108983183,0.9267599563171188,2.0,46.33799781585594,0,Critical
410,3.808162736165273,-1.5250833016455048,25.42882928429112,3370.347342249476,0.9268443883405876,2.0,46.342219417029376,0,Critical
411,3.68461108825235,-1.3671805858150945,30.197544998455275,3763.755528750972,0.9249531487808887,2.0,46.24765743904444,0,Critical
412,3.710957516383197,-1.444376999059934,31.6939004385779,3907.586383682511,0.9027215790816212,2.0,45.13607895408106,0,Critical
413,3.712469184185538,-1.454411222791839,26.914153304322276,3375.491038751117,0.8947518582926437,2.0,44.73759291463219,0,Critical
414,3.778872663988174,-1.2834997655098916,26.50253342483337,3416.4994357971477,0.918988768218985,2.0,45.94943841094925,0,Critical
415,3.695235223380653,-1.5643518230380142,19.596826797541784,3803.5322933687,0.905648140119796,2.0,45.282407005989796,0,Critical
416,3.713951076288517,-1.4072159871918763,23.37197860079793,3654.2990621651297,0.8909471346344344,2.0,44.54735673172172,0,Critical
417,3.7303948254858272,-1.4942986875102915,22.636648744275284,3710.295255047904,0.9100445197552252,2.0,45.50222598776126,0,Critical
418,3.709330456157818,-1.4731407721136742,23.13745720524665,3668.1178432800994,0.8917847463429287,2.0,44.589237317146434,0,Critical
419,3.6776783192724736,-1.3471531573587467,24.495568544245632,3678.139184185629,0.8985099718406382,2.0,44.92549859203191,0,Critical
420,3.709704499644916,-1.4492164243710377,23.58372826690862,3334.705574337783,0.883475184814101,2.0,44.17375924070505,0,Critical
421,3.7536815874929887,-1.4461703920950366,19.06210056887264,3809.4635413242895,0.8994844792488199,2.0,44.974223962440995,0,Critical
422,3.648674235029447,-1.3927492662690195,27.2437307683526,3833.9179984855546,0.892501408424432,2.0,44.6250704212216,0,Critical
423,3.706648483707344,-1.5364952729542884,21.78177092278058,3554.1218511863945,0.8685233585152092,2.0,43.42616792576046,0,Critical
424,3.6649939592530414,-1.5839209667339007,25.71774059233345,3591.304610037228,0.8767877095095437,2.0,43.83938547547718,0,Critical
425,3.759752331446242,-1.6044809194021037,31.22224800924992,3293.778499488856,0.8695787594958515,2.0,43.47893797479257,0,Critical
426,3.6238406547608113,-1.6966356589376002,22.241846225240728,3702.850951203567,0.8728583155753235,2.0,43.642915778766174,0,Critical
427,3.6720539076364207,-1.2943792870059678,17.40913743176101,3714.4114883428288,0.8455637653941991,2.0,42.27818826970996,0,Critical
428,3.7188605937532255,-1.6103208365721684,24.14198733435967,3587.5617966001378,0.8581085145999844,2.0,42.905425729999216,0,Critical
429,3.778276201461717,-1.522125362358577,28.302878904995712,3824.8706719741,0.8578612448684958,2.0,42.89306224342479,0,Critical
430,3.696712486946351,-1.527681329988892,30.87504236266178,3533.184553804012,0.825712605135769,2.0,41.28563025678845,0,Critical
431,3.67224002366534,-1.46925933021909,21.31135121664275,3712.92118517872,0.8274844148733421,2.0,41.37422074366711,0,Critical
432,3.7940578534720295,-1.4184262787460704,26.490097669709566,3396.0671322615767,0.814935678222399,2.0,40.74678391111995,0,Critical
433,3.627599304979188,-1.4139526511640257,23.60406862965984,3595.2895698251523,0.8286389316555545,2.0,41.43194658277773,0,Critical
434,3.590059702168996,-1.5583077438568935,24.682154937087592,3565.129148419433,0.8345074225579595,2.0,41.72537112789797,0,Critical
435,3.722000722502667,-1.5167121713786411,32.933030041051104,3645.061584408189,0.8383485705209602,2.0,41.91742852604801,0,Critical
436,3.6748972887823697,-1.47174200495117,20.49108901481454,3526.094614233328,0.8200529478041979,2.0,41.002647390209894,0,Critical
437,3.648938359143465,-1.524869112618355,25.76121898448372,3573.7054808656662,0.8315791554557127,2.0,41.578957772785635,0,Critical
438,3.735417822364968,-1.3392654423980006,26.403079515296294,3765.209434288301,0.7974669854178511,2.0,39.873349270892554,0,Critical
439,3.71219003568856,-1.4509025048361748,28.25735897481804,3512.6471525523566,0.7902031756064485,2.0,39.51015878032243,0,Critical
440,3.671796068463164,-1.4265122213950183,25.293949460412687,3278.684579852264,0.8026445230110337,2.0,40.13222615055169,0,Critical
441,3.635984780066456,-1.4337118731332588,25.924151618512308,3949.916780841084,0.8029976544893931,2.0,40.149882724469656,0,Critical
442,3.743622866414008,-1.3826526142514677,23.825054297734628,3876.290815738097,0.794781052519059,2.0,39.73905262595295,0,Critical
443,3.732510058897933,-1.481897844129629,25.80738082373532,3341.547460978876,0.7703785789996012,2.0,38.51892894998006,0,Critical
444,3.695041206811031,-1.6296831947955843,23.97042317350777,3737.941561049039,0.7861007996048721,2.0,39.305039980243606,0,Critical
445,3.792331849802384,-1.460031204824736,26.864715669568152,3499.405045889732,0.7698803049949514,2.0,38.49401524974757,0,Critical
446,3.646495761683693,-1.5651356893791828,23.891168991869097,3652.697443066212,0.7855487254883002,2.0,39.27743627441501,0,Critical
447,3.6237237414537633,-1.5528616681749756,26.13130118170656,3658.844825802699,0.7784389824609685,2.0,38.92194912304843,0,Critical
448,3.665404596505938,-1.4413635981244908,24.912211558945064,3553.118439936736,0.7612892021367265,2.0,38.06446010683632,0,Critical
449,3.697720699182225,-1.3761716928566363,28.378150752316504,3443.2468668827205,0.7614583308266331,2.0,38.07291654133165,0,Critical
450,3.712166972466135,-1.4978728423263938,24.845818829234545,3461.891789536748,0.7519078647811106,2.0,37.59539323905553,0,Critical
451,3.687938197107184,-1.4691166987401036,19.68090259537936,3416.7616169037515,0.7577702090272682,2.0,37.88851045136341,0,Critical
452,3.717602769825715,-1.329778505536476,28.785764502141976,3433.635558353911,0.7638394232050123,2.0,38.19197116025062,0,Critical
453,3.637423028790478,-1.4759246820511431,22.282803097412145,3586.564341990129,0.7403157395366446,2.0,37.01578697683223,0,Critical
454,3.772188230203663,-1.2398316885819605,23.03870098405354,3456.8480021778496,0.7510924651551785,2.0,37.55462325775893,0,Critical
455,3.695892441080372,-1.4434490354368457,23.21301611786952,3736.410413142524,0.7366224238162755,2.0,36.831121190813775,0,Critical
456,3.7558647915794063,-1.6760762759155818,29.123314279512453,3897.449231067185,0.7298632716773766,2.0,36.493163583868835,0,Critical
457,3.717136267318885,-1.4246658378895467,18.592977358063912,3483.989351725992,0.7325826964004543,2.0,36.62913482002271,0,Critical
458,3.722837660957689,-1.4618841615117222,34.41324560097998,3647.8809001070754,0.7191555767758063,2.0,35.95777883879032,0,Critical
459,3.72848836401161,-1.3710247245917255,28.16817042719816,3699.937022060587,0.7198205069465283,2.0,35.99102534732641,0,Critical
460,3.722385428000866,-1.4326818648730042,25.66971674238748,3694.400454183855,0.7092212210741113,2.0,35.46106105370556,0,Critical
461,3.732136137993377,-1.5138455983983774,24.83531799815114,3615.1910535832176,0.7366842513291639,2.0,36.8342125664582,0,Critical
462,3.7664576265066216,-1.6224298236289365,25.85666222457297,3748.536483671945,0.7132206355197173,2.0,35.66103177598586,0,Critical
463,3.7098260584850737,-1.5209023257286023,26.56336728513801,3696.4497905361313,0.701695744920074,2.0,35.0847872460037,0,Critical
464,3.735450187879426,-1.58505204542093,26.93564675785017,3352.4675155345403,0.7066517991073422,2.0,35.33258995536711,0,Critical
465,3.695513215285639,-1.5580523449804722,26.666813398010344,3773.831212877855,0.6992017195030916,2.0,34.960085975154584,0,Critical
466,3.772005860772474,-1.441142159557939,25.268742043765748,3777.458167453348,0.6939223040046676,2.0,34.69611520023338,0,Critical
467,3.6661803848970367,-1.3330095495648593,24.40798473907802,3447.3427791642835,0.6980746670004343,2.0,34.90373335002172,0,Critical
468,3.790047021645541,-1.460532847017702,24.546180149039465,3607.58756708952,0.695303077100473,2.0,34.76515385502365,0,Critical
469,3.697992102467783,-1.6195883062035183,24.41527515894196,3736.6657985622137,0.6782119885238946,2.0,33.91059942619473,0,Critical
470,3.6284612448940976,-1.455539733177986,28.401310290601195,3558.137236084128,0.6735418175935532,2.0,33.677090879677664,0,Critical
471,3.70640522074554,-1.3803368513354348,26.780670166842587,3814.5956095532015,0.6723264830284836,2.0,33.61632415142418,0,Critical
472,3.665947417126256,-1.5609782904319385,16.178834096007158,4072.774498923872,0.647828788352644,2.0,32.3914394176322,0,Critical
473,3.742032177449437,-1.5134017166672915,26.967702329589283,3442.8027934730035,0.6514610893780146,2.0,32.57305446890073,0,Critical
474,3.667368801034881,-1.4985311805270802,25.584208584156325,3323.791079369245,0.6760407426744452,2.0,33.802037133722266,0,Critical
475,3.677690828339261,-1.578489831308224,24.943873730662308,3660.763719120975,0.6745746771350128,2.0,33.728733856750644,0,Critical
476,3.605522963452724,-1.435171956615614,23.83444464073334,3744.312501025229,0.6513816396044363,2.0,32.56908198022182,0,Critical
477,3.677384684037546,-1.5120948148607782,28.37233815995804,3553.826725231046,0.6553785696305576,2.0,32.76892848152788,0,Critical
478,3.5788060336685525,-1.4580467556092973,27.842579386368573,3890.652132664207,0.6484605015454353,2.0,32.42302507727177,0,Critical
479,3.620804858825714,-1.58874921778021,22.68136699652917,3332.2788400553504,0.6718658080845525,2.0,33.59329040422763,0,Critical
480,3.738020732807215,-1.543745830032341,26.221156861373604,3738.583724606322,0.6479957491143455,2.0,32.399787455717274,0,Critical
481,3.7392900079325417,-1.427761864217223,22.08502979637614,3478.827835848221,0.6312378240851924,2.0,31.561891204259616,0,Critical
482,3.721272878089248,-1.5372833152091767,20.86114550563321,3943.8755812414593,0.6186725955939959,2.0,30.933629779699796,0,Critical
483,3.65165119284354,-1.3273036148766597,23.119848326230105,3998.503070633624,0.6078685367974241,2.0,30.393426839871207,0,Critical
484,3.697614432192901,-1.5399636185614602,27.587180417148275,3446.6686824433305,0.6216666363586721,2.0,31.083331817933608,0,Critical
485,3.699819873045472,-1.4775315274248113,27.85937513612826,3490.088572818284,0.6077614925471568,2.0,30.38807462735784,0,Critical
486,3.642081765540373,-1.406740916812691,26.53925626029188,3771.917577395961,0.5967894629040231,2.0,29.839473145201158,0,Critical
487,3.7751699150883575,-1.6418365732933031,27.17528736054399,3522.573870042097,0.6002272711575748,2.0,30.011363557878738,0,Critical
488,3.743868114528784,-1.6760808811980776,26.54853486134488,3590.9177564135525,0.5915525199638559,2.0,29.577625998192797,0,Critical
489,3.688951791308517,-1.6525656314570094,23.075555214331143,3605.077684108482,0.6149084163507256,2.0,30.745420817536278,0,Critical
490,3.701344291949727,-1.3737415896572818,26.29576763402182,3216.0653687604686,0.6025163975694945,2.0,30.125819878474726,0,Critical
491,3.7104191403973776,-1.5551858145892448,27.40122857568305,3597.2324507811527,0.5892772735868338,2.0,29.46386367934169,0,Critical
492,3.597913256578785,-1.2441800714331748,27.262873989440724,3462.054445187165,0.5998074413889001,2.0,29.990372069445005,0,Critical
493,3.6876411308739705,-1.5564247598657388,28.56674011442393,3501.375435520046,0.5814266830764763,2.0,29.071334153823813,0,Critical
494,3.66590078760011,-1.4815448696802962,27.12491154160319,3888.726400693763,0.5676791579867174,2.0,28.383957899335872,0,Critical
495,3.649918999505255,-1.3457890047432124,26.054344622624747,3348.6986211441485,0.5871562407726965,2.0,29.357812038634822,0,Critical
496,3.6859449853557034,-1.2993907111840877,28.21045071494928,3762.641037349596,0.5729411004368467,2.0,28.647055021842334,0,Critical
497,3.789884326342477,-1.29384964233636,24.92043622225282,3544.2074139336382,0.5528005384567355,2.0,27.640026922836775,0,Critical
498,3.732042143063351,-1.3791633769406857,22.354376046316847,3544.047966300833,0.5568846132191638,2.0,27.844230660958193,0,Critical
499,3.67144105051086,-1.3975937474188538,24.510799108168708,3758.074379210342,0.5456408174661526,2.0,27.28204087330763,0,Critical
500,3.728629139067808,-1.4407473050798818,22.765292065580653,3668.010258913778,0.5361720026903567,2.0,26.808600134517835,0,Critical
